s1_scene_name,s1_image_id,s1_acquisition_time,matched_image_id,matched_acquisition_time,time_difference_hours,overlap_ratio,overlap_percentage,sensor_pair,matched_sensor,status
S1A_EW_GRDM_1SDH_20230329T155110_20230329T155214_047861_05C03E_8378,COPERNICUS/S1_GRD/S1A_EW_GRDM_1SDH_20230329T155110_20230329T155214_047861_05C03E_8378,2023-03-29 15:51:10,COPERNICUS/S2_SR_HARMONIZED/20230329T210051_20230329T210046_T11XMH,2023-03-29 21:02:51,5.19,1.0,100.0,Sentinel-1 & Sentinel-2,Sentinel-2,success
S1A_EW_GRDM_1SDH_20230408T125010_20230408T125114_048005_05C514_186E,COPERNICUS/S1_GRD/S1A_EW_GRDM_1SDH_20230408T125010_20230408T125114_048005_05C514_186E,2023-04-08 12:50:10,COPERNICUS/S2_SR_HARMONIZED/20230408T191911_20230408T191910_T17XMJ,2023-04-08 19:21:38,6.52,1.0,100.0,Sentinel-1 & Sentinel-2,Sentinel-2,success
S1A_EW_GRDM_1SDH_20230408T142855_20230408T142959_048006_05C51E_1D08,COPERNICUS/S1_GRD/S1A_EW_GRDM_1SDH_20230408T142855_20230408T142959_048006_05C51E_1D08,2023-04-08 14:28:55,COPERNICUS/S2_SR_HARMONIZED/20230408T200929_20230408T200927_T13XEJ,2023-04-08 20:12:15,5.72,1.0,100.0,Sentinel-1 & Sentinel-2,Sentinel-2,success
S1A_EW_GRDM_1SDH_20230409T151004_20230409T151109_048021_05C59D_AD55,COPERNICUS/S1_GRD/S1A_EW_GRDM_1SDH_20230409T151004_20230409T151109_048021_05C59D_AD55,2023-04-09 15:10:04,COPERNICUS/S2_SR_HARMONIZED/20230409T202921_20230409T202923_T12XWP,2023-04-09 20:32:24,5.37,1.0,100.0,Sentinel-1 & Sentinel-2,Sentinel-2,success
S1A_EW_GRDM_1SDH_20230410T123353_20230410T123457_048034_05C616_8D6F,COPERNICUS/S1_GRD/S1A_EW_GRDM_1SDH_20230410T123353_20230410T123457_048034_05C616_8D6F,2023-04-10 12:33:53,COPERNICUS/S2_SR_HARMONIZED/20230410T181921_20230410T181916_T18XWQ,2023-04-10 18:21:12,5.79,0.9943,99.43,Sentinel-1 & Sentinel-2,Sentinel-2,success
S1A_EW_GRDM_1SDH_20230410T155111_20230410T155215_048036_05C626_9346,COPERNICUS/S1_GRD/S1A_EW_GRDM_1SDH_20230410T155111_20230410T155215_048036_05C626_9346,2023-04-10 15:51:11,COPERNICUS/S2_SR_HARMONIZED/20230410T205019_20230410T205022_T11XMH,2023-04-10 20:52:57,5.03,1.0,100.0,Sentinel-1 & Sentinel-2,Sentinel-2,success
S1A_EW_GRDM_1SDH_20230412T121730_20230412T121835_048063_05C70C_40A9,COPERNICUS/S1_GRD/S1A_EW_GRDM_1SDH_20230412T121730_20230412T121835_048063_05C70C_40A9,2023-04-12 12:17:30,COPERNICUS/S2_SR_HARMONIZED/20230412T180919_20230412T180947_T18XVN,2023-04-12 18:11:45,5.9,1.0,100.0,Sentinel-1 & Sentinel-2,Sentinel-2,success
S1A_EW_GRDM_1SDH_20230412T153445_20230412T153549_048065_05C71E_CE44,COPERNICUS/S1_GRD/S1A_EW_GRDM_1SDH_20230412T153445_20230412T153549_048065_05C71E_CE44,2023-04-12 15:34:45,COPERNICUS/S2_SR_HARMONIZED/20230412T213039_20230412T213229_T09XWH,2023-04-12 21:33:07,5.97,1.0,100.0,Sentinel-1 & Sentinel-2,Sentinel-2,success
S1A_EW_GRDM_1SDH_20230413T143709_20230413T143814_048079_05C790_ADAA,COPERNICUS/S1_GRD/S1A_EW_GRDM_1SDH_20230413T143709_20230413T143814_048079_05C790_ADAA,2023-04-13 14:37:09,COPERNICUS/S2_SR_HARMONIZED/20230413T200851_20230413T200852_T13XEJ,2023-04-13 20:12:13,5.58,1.0,100.0,Sentinel-1 & Sentinel-2,Sentinel-2,success
S1A_EW_GRDM_1SDH_20230418T130639_20230418T130743_048151_05CA0B_F142,COPERNICUS/S1_GRD/S1A_EW_GRDM_1SDH_20230418T130639_20230418T130743_048151_05CA0B_F142,2023-04-18 13:06:39,COPERNICUS/S2_SR_HARMONIZED/20230418T182919_20230418T182926_T19XDJ,2023-04-18 18:31:20,5.41,0.6664,66.64,Sentinel-1 & Sentinel-2,Sentinel-2,success
S1A_EW_GRDM_1SDH_20230419T152630_20230419T152734_048167_05CA87_6724,COPERNICUS/S1_GRD/S1A_EW_GRDM_1SDH_20230419T152630_20230419T152734_048167_05CA87_6724,2023-04-19 15:26:30,COPERNICUS/S2_SR_HARMONIZED/20230419T221051_20230419T221053_T11XNJ,2023-04-19 22:12:18,6.76,1.0,100.0,Sentinel-1 & Sentinel-2,Sentinel-2,success
S1A_EW_GRDM_1SDH_20230420T142855_20230420T142959_048181_05CAFB_C436,COPERNICUS/S1_GRD/S1A_EW_GRDM_1SDH_20230420T142855_20230420T142959_048181_05CAFB_C436,2023-04-20 14:28:55,COPERNICUS/S2_SR_HARMONIZED/20230420T195851_20230420T200114_T13XDH,2023-04-20 20:02:35,5.56,1.0,100.0,Sentinel-1 & Sentinel-2,Sentinel-2,success
S1A_EW_GRDM_1SDH_20230421T151004_20230421T151109_048196_05CB76_4595,COPERNICUS/S1_GRD/S1A_EW_GRDM_1SDH_20230421T151004_20230421T151109_048196_05CB76_4595,2023-04-21 15:10:04,COPERNICUS/S2_SR_HARMONIZED/20230421T201849_20230421T201851_T12XWP,2023-04-21 20:22:28,5.21,1.0,100.0,Sentinel-1 & Sentinel-2,Sentinel-2,success
S1A_EW_GRDM_1SDH_20230422T123353_20230422T123457_048209_05CBEF_252A,COPERNICUS/S1_GRD/S1A_EW_GRDM_1SDH_20230422T123353_20230422T123457_048209_05CBEF_252A,2023-04-22 12:33:53,COPERNICUS/S2_SR_HARMONIZED/20230422T180919_20230422T180916_T18XVL,2023-04-22 18:12:09,5.64,0.6153,61.53,Sentinel-1 & Sentinel-2,Sentinel-2,success
S1A_EW_GRDM_1SDH_20230422T155111_20230422T155215_048211_05CBFF_7A37,COPERNICUS/S1_GRD/S1A_EW_GRDM_1SDH_20230422T155111_20230422T155215_048211_05CBFF_7A37,2023-04-22 15:51:11,COPERNICUS/S2_SR_HARMONIZED/20230422T222101_20230422T222058_T10XEP,2023-04-22 22:22:32,6.52,1.0,100.0,Sentinel-1 & Sentinel-2,Sentinel-2,success
S1A_EW_GRDM_1SDH_20230424T153445_20230424T153549_048240_05CCF6_8403,COPERNICUS/S1_GRD/S1A_EW_GRDM_1SDH_20230424T153445_20230424T153549_048240_05CCF6_8403,2023-04-24 15:34:45,COPERNICUS/S2_SR_HARMONIZED/20230424T212031_20230424T212033_T11XNK,2023-04-24 21:22:17,5.79,0.9843,98.43,Sentinel-1 & Sentinel-2,Sentinel-2,success
S1A_EW_GRDM_1SDH_20230424T153549_20230424T153649_048240_05CCF6_7114,COPERNICUS/S1_GRD/S1A_EW_GRDM_1SDH_20230424T153549_20230424T153649_048240_05CCF6_7114,2023-04-24 15:35:49,COPERNICUS/S2_SR_HARMONIZED/20230424T212031_20230424T212214_T09XWG,2023-04-24 21:23:19,5.79,0.6282,62.82,Sentinel-1 & Sentinel-2,Sentinel-2,success
S1A_EW_GRDM_1SDH_20230425T143710_20230425T143814_048254_05CD70_7F48,COPERNICUS/S1_GRD/S1A_EW_GRDM_1SDH_20230425T143710_20230425T143814_048254_05CD70_7F48,2023-04-25 14:37:10,COPERNICUS/S2_SR_HARMONIZED/20230425T205021_20230425T205020_T12XWP,2023-04-25 20:52:21,6.25,1.0,100.0,Sentinel-1 & Sentinel-2,Sentinel-2,success
S1A_EW_GRDM_1SDH_20230426T151816_20230426T151920_048269_05CDF5_8F8A,COPERNICUS/S1_GRD/S1A_EW_GRDM_1SDH_20230426T151816_20230426T151920_048269_05CDF5_8F8A,2023-04-26 15:18:16,COPERNICUS/S2_SR_HARMONIZED/20230426T201851_20230426T201848_T12XWP,2023-04-26 20:22:26,5.07,1.0,100.0,Sentinel-1 & Sentinel-2,Sentinel-2,success
S1A_EW_GRDM_1SDH_20230426T151920_20230426T152020_048269_05CDF5_BEA4,COPERNICUS/S1_GRD/S1A_EW_GRDM_1SDH_20230426T151920_20230426T152020_048269_05CDF5_BEA4,2023-04-26 15:19:20,COPERNICUS/S2_SR_HARMONIZED/20230426T211029_20230426T211238_T09XWF,2023-04-26 21:13:35,5.9,1.0,100.0,Sentinel-1 & Sentinel-2,Sentinel-2,success
S1A_EW_GRDM_1SDH_20230426T152020_20230426T152120_048269_05CDF5_EEAE,COPERNICUS/S1_GRD/S1A_EW_GRDM_1SDH_20230426T152020_20230426T152120_048269_05CDF5_EEAE,2023-04-26 15:20:20,COPERNICUS/S2_SR_HARMONIZED/20230426T201851_20230426T202402_T09WWV,2023-04-26 20:24:59,5.08,1.0,100.0,Sentinel-1 & Sentinel-2,Sentinel-2,success
S1A_EW_GRDM_1SDH_20230427T142041_20230427T142145_048283_05CE6A_9DE3,COPERNICUS/S1_GRD/S1A_EW_GRDM_1SDH_20230427T142041_20230427T142145_048283_05CE6A_9DE3,2023-04-27 14:20:41,COPERNICUS/S2_SR_HARMONIZED/20230427T194901_20230427T194900_T14XNQ,2023-04-27 19:51:52,5.52,1.0,100.0,Sentinel-1 & Sentinel-2,Sentinel-2,success
S1A_EW_GRDM_1SDH_20230428T150150_20230428T150255_048298_05CEF4_3CBD,COPERNICUS/S1_GRD/S1A_EW_GRDM_1SDH_20230428T150150_20230428T150255_048298_05CEF4_3CBD,2023-04-28 15:01:50,COPERNICUS/S2_SR_HARMONIZED/20230428T210021_20230428T210023_T11XNJ,2023-04-28 21:02:33,6.01,1.0,100.0,Sentinel-1 & Sentinel-2,Sentinel-2,success
S1A_EW_GRDM_1SDH_20230429T122549_20230429T122643_048311_05CF66_60DE,COPERNICUS/S1_GRD/S1A_EW_GRDM_1SDH_20230429T122549_20230429T122643_048311_05CF66_60DE,2023-04-29 12:25:49,COPERNICUS/S2_SR_HARMONIZED/20230429T175919_20230429T180018_T18XVN,2023-04-29 18:01:48,5.6,1.0,100.0,Sentinel-1 & Sentinel-2,Sentinel-2,success
S1A_EW_GRDM_1SDH_20230429T140415_20230429T140519_048312_05CF6F_C9CC,COPERNICUS/S1_GRD/S1A_EW_GRDM_1SDH_20230429T140415_20230429T140519_048312_05CF6F_C9CC,2023-04-29 14:04:15,COPERNICUS/S2_SR_HARMONIZED/20230429T193909_20230429T194052_T16XDN,2023-04-29 19:42:00,5.63,0.6816,68.16,Sentinel-1 & Sentinel-2,Sentinel-2,success
S1A_EW_GRDM_1SDH_20230429T154300_20230429T154404_048313_05CF7B_7C26,COPERNICUS/S1_GRD/S1A_EW_GRDM_1SDH_20230429T154300_20230429T154404_048313_05CF7B_7C26,2023-04-29 15:43:00,COPERNICUS/S2_SR_HARMONIZED/20230429T212039_20230429T212037_T10XEP,2023-04-29 21:22:45,5.66,1.0,100.0,Sentinel-1 & Sentinel-2,Sentinel-2,success
S1A_EW_GRDM_1SDH_20230430T130640_20230430T130744_048326_05CFE9_E398,COPERNICUS/S1_GRD/S1A_EW_GRDM_1SDH_20230430T130640_20230430T130744_048326_05CFE9_E398,2023-04-30 13:06:40,COPERNICUS/S2_SR_HARMONIZED/20230430T181921_20230430T182025_T18XWQ,2023-04-30 18:21:12,5.24,0.755,75.5,Sentinel-1 & Sentinel-2,Sentinel-2,success
S1A_EW_GRDM_1SDH_20230430T144522_20230430T144626_048327_05CFF1_75D0,COPERNICUS/S1_GRD/S1A_EW_GRDM_1SDH_20230430T144522_20230430T144626_048327_05CFF1_75D0,2023-04-30 14:45:22,COPERNICUS/S2_SR_HARMONIZED/20230430T195901_20230430T195855_T14XNQ,2023-04-30 20:01:51,5.27,0.8157,81.57,Sentinel-1 & Sentinel-2,Sentinel-2,success
S1A_EW_GRDM_1SDH_20230501T120920_20230501T121024_048340_05D053_1BD5,COPERNICUS/S1_GRD/S1A_EW_GRDM_1SDH_20230501T120920_20230501T121024_048340_05D053_1BD5,2023-05-01 12:09:20,COPERNICUS/S2_SR_HARMONIZED/20230501T174911_20230501T174906_T20XNN,2023-05-01 17:51:10,5.7,0.6812,68.12,Sentinel-1 & Sentinel-2,Sentinel-2,success
S1A_EW_GRDM_1SDH_20230501T134746_20230501T134851_048341_05D05C_4678,COPERNICUS/S1_GRD/S1A_EW_GRDM_1SDH_20230501T134746_20230501T134851_048341_05D05C_4678,2023-05-01 13:47:46,COPERNICUS/S2_SR_HARMONIZED/20230501T192911_20230501T192906_T16XDP,2023-05-01 19:31:50,5.73,1.0,100.0,Sentinel-1 & Sentinel-2,Sentinel-2,success
S1A_EW_GRDM_1SDH_20230501T152631_20230501T152735_048342_05D067_5150,COPERNICUS/S1_GRD/S1A_EW_GRDM_1SDH_20230501T152631_20230501T152735_048342_05D067_5150,2023-05-01 15:26:31,COPERNICUS/S2_SR_HARMONIZED/20230501T211031_20230501T211123_T11XNK,2023-05-01 21:12:21,5.76,1.0,100.0,Sentinel-1 & Sentinel-2,Sentinel-2,success
S1A_EW_GRDM_1SDH_20230503T115300_20230503T115404_048369_05D151_6688,COPERNICUS/S1_GRD/S1A_EW_GRDM_1SDH_20230503T115300_20230503T115404_048369_05D151_6688,2023-05-03 11:53:00,COPERNICUS/S2_SR_HARMONIZED/20230503T182921_20230503T182917_T20XNM,2023-05-03 18:31:08,6.64,1.0,100.0,Sentinel-1 & Sentinel-2,Sentinel-2,success
S1A_EW_GRDM_1SDH_20230503T151005_20230503T151109_048371_05D160_BE0E,COPERNICUS/S1_GRD/S1A_EW_GRDM_1SDH_20230503T151005_20230503T151109_048371_05D160_BE0E,2023-05-03 15:10:05,COPERNICUS/S2_SR_HARMONIZED/20230503T210029_20230503T210024_T12XVQ,2023-05-03 21:02:23,5.87,1.0,100.0,Sentinel-1 & Sentinel-2,Sentinel-2,success
S1A_EW_GRDM_1SDH_20230503T151109_20230503T151209_048371_05D160_3578,COPERNICUS/S1_GRD/S1A_EW_GRDM_1SDH_20230503T151109_20230503T151209_048371_05D160_3578,2023-05-03 15:11:09,COPERNICUS/S2_SR_HARMONIZED/20230503T200851_20230503T200852_T11XNE,2023-05-03 20:13:27,5.04,1.0,100.0,Sentinel-1 & Sentinel-2,Sentinel-2,success
S1A_EW_GRDM_1SDH_20230504T123354_20230504T123458_048384_05D1CE_5E6C,COPERNICUS/S1_GRD/S1A_EW_GRDM_1SDH_20230504T123354_20230504T123458_048384_05D1CE_5E6C,2023-05-04 12:33:54,COPERNICUS/S2_SR_HARMONIZED/20230504T175911_20230504T175911_T18XWN,2023-05-04 18:01:36,5.46,1.0,100.0,Sentinel-1 & Sentinel-2,Sentinel-2,success
S1A_EW_GRDM_1SDH_20230504T123458_20230504T123558_048384_05D1CE_C435,COPERNICUS/S1_GRD/S1A_EW_GRDM_1SDH_20230504T123458_20230504T123558_048384_05D1CE_C435,2023-05-04 12:34:58,COPERNICUS/S2_SR_HARMONIZED/20230504T175911_20230504T175911_T17XNF,2023-05-04 18:02:13,5.45,0.6336,63.36,Sentinel-1 & Sentinel-2,Sentinel-2,success
S1A_EW_GRDM_1SDH_20230506T121731_20230506T121836_048413_05D2C4_2D0C,COPERNICUS/S1_GRD/S1A_EW_GRDM_1SDH_20230506T121731_20230506T121836_048413_05D2C4_2D0C,2023-05-06 12:17:31,COPERNICUS/S2_SR_HARMONIZED/20230506T174909_20230506T174910_T18XWN,2023-05-06 17:51:40,5.57,1.0,100.0,Sentinel-1 & Sentinel-2,Sentinel-2,success
S1A_EW_GRDM_1SDH_20230506T121836_20230506T121936_048413_05D2C4_8227,COPERNICUS/S1_GRD/S1A_EW_GRDM_1SDH_20230506T121836_20230506T121936_048413_05D2C4_8227,2023-05-06 12:18:36,COPERNICUS/S2_SR_HARMONIZED/20230506T174909_20230506T174910_T18XWJ,2023-05-06 17:52:27,5.56,0.9933,99.33,Sentinel-1 & Sentinel-2,Sentinel-2,success
S1A_EW_GRDM_1SDH_20230506T153550_20230506T153650_048415_05D2D6_3745,COPERNICUS/S1_GRD/S1A_EW_GRDM_1SDH_20230506T153550_20230506T153650_048415_05D2D6_3745,2023-05-06 15:35:50,COPERNICUS/S2_SR_HARMONIZED/20230506T220051_20230506T220208_T10XDK,2023-05-06 22:03:26,6.46,1.0,100.0,Sentinel-1 & Sentinel-2,Sentinel-2,success
S1A_EW_GRDM_1SDH_20230507T143710_20230507T143815_048429_05D34C_4391,COPERNICUS/S1_GRD/S1A_EW_GRDM_1SDH_20230507T143710_20230507T143815_048429_05D34C_4391,2023-05-07 14:37:10,COPERNICUS/S2_SR_HARMONIZED/20230507T213041_20230507T213125_T14XNN,2023-05-07 21:31:50,6.91,1.0,100.0,Sentinel-1 & Sentinel-2,Sentinel-2,success
S1A_EW_GRDM_1SDH_20230508T120117_20230508T120222_048442_05D3BD_0DE4,COPERNICUS/S1_GRD/S1A_EW_GRDM_1SDH_20230508T120117_20230508T120222_048442_05D3BD_0DE4,2023-05-08 12:01:17,COPERNICUS/S2_SR_HARMONIZED/20230508T173901_20230508T174000_T18XVL,2023-05-08 17:42:11,5.68,1.0,100.0,Sentinel-1 & Sentinel-2,Sentinel-2,success
S1A_EW_GRDM_1SDH_20230508T120222_20230508T120248_048442_05D3BD_4BFF,COPERNICUS/S1_GRD/S1A_EW_GRDM_1SDH_20230508T120222_20230508T120248_048442_05D3BD_4BFF,2023-05-08 12:02:22,COPERNICUS/S2_SR_HARMONIZED/20230508T173901_20230508T174000_T17XNE,2023-05-08 17:42:29,5.67,1.0,100.0,Sentinel-1 & Sentinel-2,Sentinel-2,success
S1A_EW_GRDM_1SDH_20230509T142041_20230509T142146_048458_05D43B_C47B,COPERNICUS/S1_GRD/S1A_EW_GRDM_1SDH_20230509T142041_20230509T142146_048458_05D43B_C47B,2023-05-09 14:20:41,COPERNICUS/S2_SR_HARMONIZED/20230509T193909_20230509T193905_T14XMN,2023-05-09 19:42:28,5.36,1.0,100.0,Sentinel-1 & Sentinel-2,Sentinel-2,success
S1A_EW_GRDM_1SDH_20230509T142146_20230509T142246_048458_05D43B_E91D,COPERNICUS/S1_GRD/S1A_EW_GRDM_1SDH_20230509T142146_20230509T142246_048458_05D43B_E91D,2023-05-09 14:21:46,COPERNICUS/S2_SR_HARMONIZED/20230509T193909_20230509T193905_T12XWJ,2023-05-09 19:43:34,5.36,1.0,100.0,Sentinel-1 & Sentinel-2,Sentinel-2,success
S1A_EW_GRDM_1SDH_20230509T142246_20230509T142346_048458_05D43B_1B1A,COPERNICUS/S1_GRD/S1A_EW_GRDM_1SDH_20230509T142246_20230509T142346_048458_05D43B_1B1A,2023-05-09 14:22:46,COPERNICUS/S2_SR_HARMONIZED/20230509T193909_20230509T193905_T13XDB,2023-05-09 19:43:52,5.35,0.9503,95.03,Sentinel-1 & Sentinel-2,Sentinel-2,success
S1A_EW_GRDM_1SDH_20230510T114559_20230510T114708_048471_05D4A9_BA4C,COPERNICUS/S1_GRD/S1A_EW_GRDM_1SDH_20230510T114559_20230510T114708_048471_05D4A9_BA4C,2023-05-10 11:45:59,COPERNICUS/S2_SR_HARMONIZED/20230510T163841_20230510T163835_T18XXF,2023-05-10 16:43:09,4.95,1.0,100.0,Sentinel-1 & Sentinel-2,Sentinel-2,success
S1A_EW_GRDM_1SDH_20230510T132306_20230510T132342_048472_05D4B2_8302,COPERNICUS/S1_GRD/S1A_EW_GRDM_1SDH_20230510T132306_20230510T132342_048472_05D4B2_8302,2023-05-10 13:23:06,COPERNICUS/S2_SR_HARMONIZED/20230510T190919_20230510T190916_T17XNJ,2023-05-10 19:11:30,5.81,0.9832,98.32,Sentinel-1 & Sentinel-2,Sentinel-2,success
S1A_EW_GRDM_1SDH_20230511T122549_20230511T122643_048486_05D513_92E9,COPERNICUS/S1_GRD/S1A_EW_GRDM_1SDH_20230511T122549_20230511T122643_048486_05D513_92E9,2023-05-11 12:25:49,COPERNICUS/S2_SR_HARMONIZED/20230511T183919_20230511T183920_T18XWP,2023-05-11 18:41:21,6.26,0.9967,99.67,Sentinel-1 & Sentinel-2,Sentinel-2,success
S1A_EW_GRDM_1SDH_20230511T140416_20230511T140520_048487_05D51C_668D,COPERNICUS/S1_GRD/S1A_EW_GRDM_1SDH_20230511T140416_20230511T140520_048487_05D51C_668D,2023-05-11 14:04:16,COPERNICUS/S2_SR_HARMONIZED/20230511T192911_20230511T192905_T15XWJ,2023-05-11 19:31:51,5.46,1.0,100.0,Sentinel-1 & Sentinel-2,Sentinel-2,success
S1A_EW_GRDM_1SDH_20230511T154300_20230511T154355_048488_05D525_8B6C,COPERNICUS/S1_GRD/S1A_EW_GRDM_1SDH_20230511T154300_20230511T154355_048488_05D525_8B6C,2023-05-11 15:43:00,COPERNICUS/S2_SR_HARMONIZED/20230511T220059_20230511T220204_T09XWK,2023-05-11 22:02:43,6.33,1.0,100.0,Sentinel-1 & Sentinel-2,Sentinel-2,success
S1A_EW_GRDM_1SDH_20230512T130640_20230512T130745_048501_05D58E_27EF,COPERNICUS/S1_GRD/S1A_EW_GRDM_1SDH_20230512T130640_20230512T130745_048501_05D58E_27EF,2023-05-12 13:06:40,COPERNICUS/S2_SR_HARMONIZED/20230512T185921_20230512T185915_T18XWP,2023-05-12 19:01:15,5.91,0.8177,81.77,Sentinel-1 & Sentinel-2,Sentinel-2,success
S1A_EW_GRDM_1SDH_20230512T144522_20230512T144626_048502_05D595_F1C3,COPERNICUS/S1_GRD/S1A_EW_GRDM_1SDH_20230512T144522_20230512T144626_048502_05D595_F1C3,2023-05-12 14:45:22,COPERNICUS/S2_SR_HARMONIZED/20230512T194909_20230512T194903_T13XEG,2023-05-12 19:52:42,5.12,0.7481,74.81,Sentinel-1 & Sentinel-2,Sentinel-2,success
S1A_EW_GRDM_1SDH_20230513T120920_20230513T121025_048515_05D5F1_6D07,COPERNICUS/S1_GRD/S1A_EW_GRDM_1SDH_20230513T120920_20230513T121025_048515_05D5F1_6D07,2023-05-13 12:09:20,COPERNICUS/S2_SR_HARMONIZED/20230513T173909_20230513T173906_T19XEJ,2023-05-13 17:41:17,5.53,1.0,100.0,Sentinel-1 & Sentinel-2,Sentinel-2,success
S1A_EW_GRDM_1SDH_20230513T134747_20230513T134851_048516_05D5F7_5F62,COPERNICUS/S1_GRD/S1A_EW_GRDM_1SDH_20230513T134747_20230513T134851_048516_05D5F7_5F62,2023-05-13 13:47:47,COPERNICUS/S2_SR_HARMONIZED/20230513T191919_20230513T191913_T16XDN,2023-05-13 19:22:04,5.57,1.0,100.0,Sentinel-1 & Sentinel-2,Sentinel-2,success
S1A_EW_GRDM_1SDH_20230513T134851_20230513T134951_048516_05D5F7_B59C,COPERNICUS/S1_GRD/S1A_EW_GRDM_1SDH_20230513T134851_20230513T134951_048516_05D5F7_B59C,2023-05-13 13:48:51,COPERNICUS/S2_SR_HARMONIZED/20230513T191919_20230513T191913_T15XVC,2023-05-13 19:23:13,5.57,0.929,92.9,Sentinel-1 & Sentinel-2,Sentinel-2,success
S1A_EW_GRDM_1SDH_20230514T125012_20230514T125116_048530_05D664_C3B1,COPERNICUS/S1_GRD/S1A_EW_GRDM_1SDH_20230514T125012_20230514T125116_048530_05D664_C3B1,2023-05-14 12:50:12,COPERNICUS/S2_SR_HARMONIZED/20230514T175911_20230514T175911_T18XVN,2023-05-14 18:01:47,5.19,1.0,100.0,Sentinel-1 & Sentinel-2,Sentinel-2,success
S1A_EW_GRDM_1SDH_20230514T125116_20230514T125216_048530_05D664_EE63,COPERNICUS/S1_GRD/S1A_EW_GRDM_1SDH_20230514T125116_20230514T125216_048530_05D664_EE63,2023-05-14 12:51:16,COPERNICUS/S2_SR_HARMONIZED/20230514T175911_20230514T175911_T17XNF,2023-05-14 18:02:13,5.18,0.8485,84.85,Sentinel-1 & Sentinel-2,Sentinel-2,success
S1A_EW_GRDM_1SDH_20230514T143001_20230514T143101_048531_05D66A_8987,COPERNICUS/S1_GRD/S1A_EW_GRDM_1SDH_20230514T143001_20230514T143101_048531_05D66A_8987,2023-05-14 14:30:01,COPERNICUS/S2_SR_HARMONIZED/20230514T193901_20230514T193903_T12XWK,2023-05-14 19:43:19,5.22,1.0,100.0,Sentinel-1 & Sentinel-2,Sentinel-2,success
S1A_EW_GRDM_1SDH_20230516T155112_20230516T155136_048561_05D749_BA01,COPERNICUS/S1_GRD/S1A_EW_GRDM_1SDH_20230516T155112_20230516T155136_048561_05D749_BA01,2023-05-16 15:51:12,COPERNICUS/S2_SR_HARMONIZED/20230516T211039_20230516T211033_T11XNK,2023-05-16 21:12:25,5.35,0.9809,98.09,Sentinel-1 & Sentinel-2,Sentinel-2,success
S1A_EW_GRDM_1SDH_20230518T121732_20230518T121836_048588_05D806_7C8E,COPERNICUS/S1_GRD/S1A_EW_GRDM_1SDH_20230518T121732_20230518T121836_048588_05D806_7C8E,2023-05-18 12:17:32,COPERNICUS/S2_SR_HARMONIZED/20230518T173911_20230518T173905_T19XDH,2023-05-18 17:41:38,5.4,1.0,100.0,Sentinel-1 & Sentinel-2,Sentinel-2,success
S1A_EW_GRDM_1SDH_20230518T121836_20230518T121936_048588_05D806_3038,COPERNICUS/S1_GRD/S1A_EW_GRDM_1SDH_20230518T121836_20230518T121936_048588_05D806_3038,2023-05-18 12:18:36,COPERNICUS/S2_SR_HARMONIZED/20230518T173911_20230518T173905_T17XND,2023-05-18 17:42:43,5.4,1.0,100.0,Sentinel-1 & Sentinel-2,Sentinel-2,success
S1A_EW_GRDM_1SDH_20230520T120118_20230520T120207_048617_05D8EC_E327,COPERNICUS/S1_GRD/S1A_EW_GRDM_1SDH_20230520T120118_20230520T120207_048617_05D8EC_E327,2023-05-20 12:01:18,COPERNICUS/S2_SR_HARMONIZED/20230520T172859_20230520T172955_T19XEH,2023-05-20 17:31:31,5.5,1.0,100.0,Sentinel-1 & Sentinel-2,Sentinel-2,success
S1A_EW_GRDM_1SDH_20230522T114455_20230522T114600_048646_05D9D7_5290,COPERNICUS/S1_GRD/S1A_EW_GRDM_1SDH_20230522T114455_20230522T114600_048646_05D9D7_5290,2023-05-22 11:44:55,COPERNICUS/S2_SR_HARMONIZED/20230522T171901_20230522T172040_T19XEH,2023-05-22 17:21:32,5.61,1.0,100.0,Sentinel-1 & Sentinel-2,Sentinel-2,success
S1A_EW_GRDM_1SDH_20230522T150152_20230522T150256_048648_05D9E6_497E,COPERNICUS/S1_GRD/S1A_EW_GRDM_1SDH_20230522T150152_20230522T150256_048648_05D9E6_497E,2023-05-22 15:01:52,COPERNICUS/S2_SR_HARMONIZED/20230522T213049_20230522T213043_T10XEP,2023-05-22 21:32:37,6.51,1.0,100.0,Sentinel-1 & Sentinel-2,Sentinel-2,success
S1A_EW_GRDM_1SDH_20230523T140521_20230523T140621_048662_05DA4C_1BBE,COPERNICUS/S1_GRD/S1A_EW_GRDM_1SDH_20230523T140521_20230523T140621_048662_05DA4C_1BBE,2023-05-23 14:05:21,COPERNICUS/S2_SR_HARMONIZED/20230523T191919_20230523T191913_T13XEF,2023-05-23 19:23:02,5.29,1.0,100.0,Sentinel-1 & Sentinel-2,Sentinel-2,success
S1A_EW_GRDM_1SDH_20230524T144523_20230524T144627_048677_05DAC5_BEFA,COPERNICUS/S1_GRD/S1A_EW_GRDM_1SDH_20230524T144523_20230524T144627_048677_05DAC5_BEFA,2023-05-24 14:45:23,COPERNICUS/S2_SR_HARMONIZED/20230524T212041_20230524T212037_T13XDL,2023-05-24 21:22:01,6.61,0.9559,95.59,Sentinel-1 & Sentinel-2,Sentinel-2,success
S1A_EW_GRDM_1SDH_20230524T144627_20230524T144727_048677_05DAC5_D602,COPERNICUS/S1_GRD/S1A_EW_GRDM_1SDH_20230524T144627_20230524T144727_048677_05DAC5_D602,2023-05-24 14:46:27,COPERNICUS/S2_SR_HARMONIZED/20230524T212041_20230524T212037_T11XMD,2023-05-24 21:23:34,6.62,1.0,100.0,Sentinel-1 & Sentinel-2,Sentinel-2,success
S1A_EW_GRDM_1SDH_20230525T121025_20230525T121125_048690_05DB1A_56C3,COPERNICUS/S1_GRD/S1A_EW_GRDM_1SDH_20230525T121025_20230525T121125_048690_05DB1A_56C3,2023-05-25 12:10:25,COPERNICUS/S2_SR_HARMONIZED/20230525T172901_20230525T172900_T18XVG,2023-05-25 17:32:59,5.38,1.0,100.0,Sentinel-1 & Sentinel-2,Sentinel-2,success
S1A_EW_GRDM_1SDH_20230525T134747_20230525T134852_048691_05DB20_3ABB,COPERNICUS/S1_GRD/S1A_EW_GRDM_1SDH_20230525T134747_20230525T134852_048691_05DB20_3ABB,2023-05-25 13:47:47,COPERNICUS/S2_SR_HARMONIZED/20230525T195859_20230525T195859_T13XEJ,2023-05-25 20:02:20,6.24,1.0,100.0,Sentinel-1 & Sentinel-2,Sentinel-2,success
S1A_EW_GRDM_1SDH_20230526T125116_20230526T125216_048705_05DB8C_84E8,COPERNICUS/S1_GRD/S1A_EW_GRDM_1SDH_20230526T125116_20230526T125216_048705_05DB8C_84E8,2023-05-26 12:51:16,COPERNICUS/S2_SR_HARMONIZED/20230526T192909_20230526T192957_T15XWD,2023-05-26 19:32:49,6.69,1.0,100.0,Sentinel-1 & Sentinel-2,Sentinel-2,success
S1A_EW_GRDM_1SDH_20230526T143101_20230526T143201_048706_05DB92_4475,COPERNICUS/S1_GRD/S1A_EW_GRDM_1SDH_20230526T143101_20230526T143201_048706_05DB92_4475,2023-05-26 14:31:01,COPERNICUS/S2_SR_HARMONIZED/20230526T192909_20230526T192957_T12WVD,2023-05-26 19:34:50,5.06,0.7818,78.18,Sentinel-1 & Sentinel-2,Sentinel-2,success
S1A_EW_GRDM_1SDH_20230528T123355_20230528T123500_048734_05DC6B_4568,COPERNICUS/S1_GRD/S1A_EW_GRDM_1SDH_20230528T123355_20230528T123500_048734_05DC6B_4568,2023-05-28 12:33:55,COPERNICUS/S2_SR_HARMONIZED/20230528T173911_20230528T173906_T19XDH,2023-05-28 17:41:39,5.13,1.0,100.0,Sentinel-1 & Sentinel-2,Sentinel-2,success
S1A_EW_GRDM_1SDH_20230528T123500_20230528T123600_048734_05DC6B_3C69,COPERNICUS/S1_GRD/S1A_EW_GRDM_1SDH_20230528T123500_20230528T123600_048734_05DC6B_3C69,2023-05-28 12:35:00,COPERNICUS/S2_SR_HARMONIZED/20230528T182919_20230528T182943_T17XNC,2023-05-28 18:32:43,5.96,1.0,100.0,Sentinel-1 & Sentinel-2,Sentinel-2,success
S1A_EW_GRDM_1SDH_20230530T121732_20230530T121837_048763_05DD43_1E8D,COPERNICUS/S1_GRD/S1A_EW_GRDM_1SDH_20230530T121732_20230530T121837_048763_05DD43_1E8D,2023-05-30 12:17:32,COPERNICUS/S2_SR_HARMONIZED/20230530T172859_20230530T172900_T18XWM,2023-05-30 17:31:57,5.24,1.0,100.0,Sentinel-1 & Sentinel-2,Sentinel-2,success
S1A_EW_GRDM_1SDH_20230530T121837_20230530T121937_048763_05DD43_6E10,COPERNICUS/S1_GRD/S1A_EW_GRDM_1SDH_20230530T121837_20230530T121937_048763_05DD43_6E10,2023-05-30 12:18:37,COPERNICUS/S2_SR_HARMONIZED/20230530T172859_20230530T172900_T18XVK,2023-05-30 17:32:29,5.23,1.0,100.0,Sentinel-1 & Sentinel-2,Sentinel-2,success
S1A_EW_GRDM_1SDH_20230531T143712_20230531T143816_048779_05DDC1_DFD6,COPERNICUS/S1_GRD/S1A_EW_GRDM_1SDH_20230531T143712_20230531T143816_048779_05DDC1_DFD6,2023-05-31 14:37:12,COPERNICUS/S2_SR_HARMONIZED/20230531T192911_20230531T192910_T13XEG,2023-05-31 19:32:47,4.93,0.95,95.0,Sentinel-1 & Sentinel-2,Sentinel-2,success
S1A_EW_GRDM_1SDH_20230601T120119_20230601T120223_048792_05DE22_38F0,COPERNICUS/S1_GRD/S1A_EW_GRDM_1SDH_20230601T120119_20230601T120223_048792_05DE22_38F0,2023-06-01 12:01:19,COPERNICUS/S2_SR_HARMONIZED/20230601T171901_20230601T171859_T20XNN,2023-06-01 17:21:18,5.33,0.8049,80.49,Sentinel-1 & Sentinel-2,Sentinel-2,success
S1A_EW_GRDM_1SDH_20230601T151818_20230601T151854_048794_05DE32_F564,COPERNICUS/S1_GRD/S1A_EW_GRDM_1SDH_20230601T151818_20230601T151854_048794_05DE32_F564,2023-06-01 15:18:18,COPERNICUS/S2_SR_HARMONIZED/20230601T203841_20230601T203842_T12XWP,2023-06-01 20:42:26,5.4,1.0,100.0,Sentinel-1 & Sentinel-2,Sentinel-2,success
S1A_EW_GRDM_1SDH_20230602T142043_20230602T142147_048808_05DE9A_F138,COPERNICUS/S1_GRD/S1A_EW_GRDM_1SDH_20230602T142043_20230602T142147_048808_05DE9A_F138,2023-06-02 14:20:43,COPERNICUS/S2_SR_HARMONIZED/20230602T191909_20230602T191912_T15XVH,2023-06-02 19:22:18,5.03,0.767,76.7,Sentinel-1 & Sentinel-2,Sentinel-2,success
S1A_EW_GRDM_1SDH_20230603T114456_20230603T114600_048821_05DF0A_235A,COPERNICUS/S1_GRD/S1A_EW_GRDM_1SDH_20230603T114456_20230603T114600_048821_05DF0A_235A,2023-06-03 11:44:56,COPERNICUS/S2_SR_HARMONIZED/20230603T170859_20230603T170853_T19XEF,2023-06-03 17:11:57,5.45,1.0,100.0,Sentinel-1 & Sentinel-2,Sentinel-2,success
S1A_EW_GRDM_1SDH_20230603T150152_20230603T150257_048823_05DF19_84CD,COPERNICUS/S1_GRD/S1A_EW_GRDM_1SDH_20230603T150152_20230603T150257_048823_05DF19_84CD,2023-06-03 15:01:52,COPERNICUS/S2_SR_HARMONIZED/20230603T212041_20230603T212037_T11XNJ,2023-06-03 21:22:25,6.34,1.0,100.0,Sentinel-1 & Sentinel-2,Sentinel-2,success
S1A_EW_GRDM_1SDH_20230604T122550_20230604T122645_048836_05DF77_E402,COPERNICUS/S1_GRD/S1A_EW_GRDM_1SDH_20230604T122550_20230604T122645_048836_05DF77_E402,2023-06-04 12:25:50,COPERNICUS/S2_SR_HARMONIZED/20230604T172901_20230604T172918_T20XMP,2023-06-04 17:31:17,5.09,0.8879,88.79,Sentinel-1 & Sentinel-2,Sentinel-2,success
S1A_EW_GRDM_1SDH_20230604T140417_20230604T140521_048837_05DF80_CC67,COPERNICUS/S1_GRD/S1A_EW_GRDM_1SDH_20230604T140417_20230604T140521_048837_05DF80_CC67,2023-06-04 14:04:17,COPERNICUS/S2_SR_HARMONIZED/20230604T190921_20230604T190917_T16XDP,2023-06-04 19:11:56,5.13,0.9959,99.59,Sentinel-1 & Sentinel-2,Sentinel-2,success
S1A_EW_GRDM_1SDH_20230604T140521_20230604T140621_048837_05DF80_5CA7,COPERNICUS/S1_GRD/S1A_EW_GRDM_1SDH_20230604T140521_20230604T140621_048837_05DF80_5CA7,2023-06-04 14:05:21,COPERNICUS/S2_SR_HARMONIZED/20230604T195859_20230604T195859_T13XDD,2023-06-04 20:03:25,5.97,1.0,100.0,Sentinel-1 & Sentinel-2,Sentinel-2,success
S1A_EW_GRDM_1SDH_20230605T144523_20230605T144628_048852_05DFFD_D4A2,COPERNICUS/S1_GRD/S1A_EW_GRDM_1SDH_20230605T144523_20230605T144628_048852_05DFFD_D4A2,2023-06-05 14:45:23,COPERNICUS/S2_SR_HARMONIZED/20230605T211039_20230605T211033_T14XMM,2023-06-05 21:12:20,6.45,1.0,100.0,Sentinel-1 & Sentinel-2,Sentinel-2,success
S1A_EW_GRDM_1SDH_20230605T144628_20230605T144728_048852_05DFFD_4F2E,COPERNICUS/S1_GRD/S1A_EW_GRDM_1SDH_20230605T144628_20230605T144728_048852_05DFFD_4F2E,2023-06-05 14:46:28,COPERNICUS/S2_SR_HARMONIZED/20230605T201851_20230605T201851_T13XDD,2023-06-05 20:23:18,5.61,0.6169,61.69,Sentinel-1 & Sentinel-2,Sentinel-2,success
S1A_EW_GRDM_1SDH_20230605T144728_20230605T144810_048852_05DFFD_9A9F,COPERNICUS/S1_GRD/S1A_EW_GRDM_1SDH_20230605T144728_20230605T144810_048852_05DFFD_9A9F,2023-06-05 14:47:28,COPERNICUS/S2_SR_HARMONIZED/20230605T192909_20230605T193008_T12XVG,2023-06-05 19:34:12,4.78,0.6684,66.84,Sentinel-1 & Sentinel-2,Sentinel-2,success
S1A_EW_GRDM_1SDH_20230606T134852_20230606T134952_048866_05E060_3E2D,COPERNICUS/S1_GRD/S1A_EW_GRDM_1SDH_20230606T134852_20230606T134952_048866_05E060_3E2D,2023-06-06 13:48:52,COPERNICUS/S2_SR_HARMONIZED/20230606T194901_20230606T194904_T13XED,2023-06-06 19:53:18,6.07,1.0,100.0,Sentinel-1 & Sentinel-2,Sentinel-2,success
S1A_EW_GRDM_1SDH_20230607T125117_20230607T125217_048880_05E0CD_50FD,COPERNICUS/S1_GRD/S1A_EW_GRDM_1SDH_20230607T125117_20230607T125217_048880_05E0CD_50FD,2023-06-07 12:51:17,COPERNICUS/S2_SR_HARMONIZED/20230607T173911_20230607T173906_T17XMC,2023-06-07 17:43:05,4.86,0.9128,91.28,Sentinel-1 & Sentinel-2,Sentinel-2,success
S1A_EW_GRDM_1SDH_20230607T143001_20230607T143101_048881_05E0D3_4DE0,COPERNICUS/S1_GRD/S1A_EW_GRDM_1SDH_20230607T143001_20230607T143101_048881_05E0D3_4DE0,2023-06-07 14:30:01,COPERNICUS/S2_SR_HARMONIZED/20230607T200859_20230607T201154_T12XVK,2023-06-07 20:13:27,5.72,1.0,100.0,Sentinel-1 & Sentinel-2,Sentinel-2,success
S1A_EW_GRDM_1SDH_20230607T143101_20230607T143201_048881_05E0D3_2C71,COPERNICUS/S1_GRD/S1A_EW_GRDM_1SDH_20230607T143101_20230607T143201_048881_05E0D3_2C71,2023-06-07 14:31:01,COPERNICUS/S2_SR_HARMONIZED/20230607T191911_20230607T191912_T12XWG,2023-06-07 19:24:04,4.88,0.9803,98.03,Sentinel-1 & Sentinel-2,Sentinel-2,success
S1A_EW_GRDM_1SDH_20230609T123355_20230609T123500_048909_05E1AF_4FA4,COPERNICUS/S1_GRD/S1A_EW_GRDM_1SDH_20230609T123355_20230609T123500_048909_05E1AF_4FA4,2023-06-09 12:33:55,COPERNICUS/S2_SR_HARMONIZED/20230609T190919_20230609T190917_T19XEJ,2023-06-09 19:11:02,6.62,0.9313,93.13,Sentinel-1 & Sentinel-2,Sentinel-2,success
S1A_EW_GRDM_1SDH_20230611T121733_20230611T121837_048938_05E287_B229,COPERNICUS/S1_GRD/S1A_EW_GRDM_1SDH_20230611T121733_20230611T121837_048938_05E287_B229,2023-06-11 12:17:33,COPERNICUS/S2_SR_HARMONIZED/20230611T180919_20230611T180919_T18XWN,2023-06-11 18:11:39,5.9,1.0,100.0,Sentinel-1 & Sentinel-2,Sentinel-2,success
S1A_EW_GRDM_1SDH_20230612T143712_20230612T143817_048954_05E308_1EB8,COPERNICUS/S1_GRD/S1A_EW_GRDM_1SDH_20230612T143712_20230612T143817_048954_05E308_1EB8,2023-06-12 14:37:12,COPERNICUS/S2_SR_HARMONIZED/20230612T200901_20230612T200856_T12XWN,2023-06-12 20:12:42,5.59,1.0,100.0,Sentinel-1 & Sentinel-2,Sentinel-2,success
S1A_EW_GRDM_1SDH_20230612T143817_20230612T143916_048954_05E308_B629,COPERNICUS/S1_GRD/S1A_EW_GRDM_1SDH_20230612T143817_20230612T143916_048954_05E308_B629,2023-06-12 14:38:17,COPERNICUS/S2_SR_HARMONIZED/20230612T200901_20230612T200856_T12XVL,2023-06-12 20:13:14,5.58,1.0,100.0,Sentinel-1 & Sentinel-2,Sentinel-2,success
S1A_EW_GRDM_1SDH_20230613T120119_20230613T120224_048967_05E379_A4FA,COPERNICUS/S1_GRD/S1A_EW_GRDM_1SDH_20230613T120119_20230613T120224_048967_05E379_A4FA,2023-06-13 12:01:19,COPERNICUS/S2_SR_HARMONIZED/20230613T175921_20230613T175915_T18XWP,2023-06-13 18:01:29,6.0,1.0,100.0,Sentinel-1 & Sentinel-2,Sentinel-2,success
S1A_EW_GRDM_1SDH_20230614T142043_20230614T142148_048983_05E3F6_3E80,COPERNICUS/S1_GRD/S1A_EW_GRDM_1SDH_20230614T142043_20230614T142148_048983_05E3F6_3E80,2023-06-14 14:20:43,COPERNICUS/S2_SR_HARMONIZED/20230614T205031_20230614T205025_T14XMR,2023-06-14 20:51:52,6.52,0.9904,99.04,Sentinel-1 & Sentinel-2,Sentinel-2,success
S1A_EW_GRDM_1SDH_20230614T142148_20230614T142248_048983_05E3F6_1872,COPERNICUS/S1_GRD/S1A_EW_GRDM_1SDH_20230614T142148_20230614T142248_048983_05E3F6_1872,2023-06-14 14:21:48,COPERNICUS/S2_SR_HARMONIZED/20230614T190921_20230614T191301_T13XED,2023-06-14 19:13:26,4.86,0.7003,70.03,Sentinel-1 & Sentinel-2,Sentinel-2,success
S1A_EW_GRDM_1SDH_20230614T142248_20230614T142348_048983_05E3F6_0FE2,COPERNICUS/S1_GRD/S1A_EW_GRDM_1SDH_20230614T142248_20230614T142348_048983_05E3F6_0FE2,2023-06-14 14:22:48,COPERNICUS/S2_SR_HARMONIZED/20230614T190921_20230614T191301_T13XDB,2023-06-14 19:13:59,4.85,0.8939,89.39,Sentinel-1 & Sentinel-2,Sentinel-2,success
S1A_EW_GRDM_1SDH_20230615T114457_20230615T114601_048996_05E45F_7371,COPERNICUS/S1_GRD/S1A_EW_GRDM_1SDH_20230615T114457_20230615T114601_048996_05E45F_7371,2023-06-15 11:44:57,COPERNICUS/S2_SR_HARMONIZED/20230615T165901_20230615T165856_T20XNN,2023-06-15 17:01:16,5.27,1.0,100.0,Sentinel-1 & Sentinel-2,Sentinel-2,success
S1A_EW_GRDM_1SDH_20230615T150153_20230615T150257_048998_05E46D_1BE5,COPERNICUS/S1_GRD/S1A_EW_GRDM_1SDH_20230615T150153_20230615T150257_048998_05E46D_1BE5,2023-06-15 15:01:53,COPERNICUS/S2_SR_HARMONIZED/20230615T201851_20230615T201852_T12XWP,2023-06-15 20:22:30,5.34,1.0,100.0,Sentinel-1 & Sentinel-2,Sentinel-2,success
S1A_EW_GRDM_1SDH_20230615T150257_20230615T150330_048998_05E46D_0ECF,COPERNICUS/S1_GRD/S1A_EW_GRDM_1SDH_20230615T150257_20230615T150330_048998_05E46D_0ECF,2023-06-15 15:02:57,COPERNICUS/S2_SR_HARMONIZED/20230615T211039_20230615T211034_T11XME,2023-06-15 21:13:29,6.18,0.6993,69.93,Sentinel-1 & Sentinel-2,Sentinel-2,success
S1A_EW_GRDM_1SDH_20230616T140418_20230616T140522_049012_05E4D5_1CE9,COPERNICUS/S1_GRD/S1A_EW_GRDM_1SDH_20230616T140418_20230616T140522_049012_05E4D5_1CE9,2023-06-16 14:04:18,COPERNICUS/S2_SR_HARMONIZED/20230616T203849_20230616T203941_T12XWQ,2023-06-16 20:42:17,6.63,1.0,100.0,Sentinel-1 & Sentinel-2,Sentinel-2,success
S1A_EW_GRDM_1SDH_20230616T140522_20230616T140622_049012_05E4D5_75E8,COPERNICUS/S1_GRD/S1A_EW_GRDM_1SDH_20230616T140522_20230616T140622_049012_05E4D5_75E8,2023-06-16 14:05:22,COPERNICUS/S2_SR_HARMONIZED/20230616T194901_20230616T194904_T13XEF,2023-06-16 19:52:55,5.79,1.0,100.0,Sentinel-1 & Sentinel-2,Sentinel-2,success
S1A_EW_GRDM_1SDH_20230616T154303_20230616T154357_049013_05E4DE_1274,COPERNICUS/S1_GRD/S1A_EW_GRDM_1SDH_20230616T154303_20230616T154357_049013_05E4DE_1274,2023-06-16 15:43:03,COPERNICUS/S2_SR_HARMONIZED/20230616T213041_20230616T213043_T09XWJ,2023-06-16 21:33:00,5.83,1.0,100.0,Sentinel-1 & Sentinel-2,Sentinel-2,success
S1A_EW_GRDM_1SDH_20230617T130642_20230617T130747_049026_05E54B_A85D,COPERNICUS/S1_GRD/S1A_EW_GRDM_1SDH_20230617T130642_20230617T130747_049026_05E54B_A85D,2023-06-17 13:06:42,COPERNICUS/S2_SR_HARMONIZED/20230617T191911_20230617T191912_T14XNM,2023-06-17 19:22:25,6.26,0.6361,63.61,Sentinel-1 & Sentinel-2,Sentinel-2,success
S1A_EW_GRDM_1SDH_20230617T144524_20230617T144628_049027_05E552_7DC4,COPERNICUS/S1_GRD/S1A_EW_GRDM_1SDH_20230617T144524_20230617T144628_049027_05E552_7DC4,2023-06-17 14:45:24,COPERNICUS/S2_SR_HARMONIZED/20230617T210031_20230617T210027_T12XVQ,2023-06-17 21:02:25,6.28,1.0,100.0,Sentinel-1 & Sentinel-2,Sentinel-2,success
S1A_EW_GRDM_1SDH_20230617T144628_20230617T144728_049027_05E552_6165,COPERNICUS/S1_GRD/S1A_EW_GRDM_1SDH_20230617T144628_20230617T144728_049027_05E552_6165,2023-06-17 14:46:28,COPERNICUS/S2_SR_HARMONIZED/20230617T200859_20230617T201131_T12XVM,2023-06-17 20:13:04,5.44,1.0,100.0,Sentinel-1 & Sentinel-2,Sentinel-2,success
S1A_EW_GRDM_1SDH_20230617T144728_20230617T144811_049027_05E552_F861,COPERNICUS/S1_GRD/S1A_EW_GRDM_1SDH_20230617T144728_20230617T144811_049027_05E552_F861,2023-06-17 14:47:28,COPERNICUS/S2_SR_HARMONIZED/20230617T210031_20230617T210027_T10XEH,2023-06-17 21:04:00,6.28,0.9051,90.51,Sentinel-1 & Sentinel-2,Sentinel-2,success
S1A_EW_GRDM_1SDH_20230618T120922_20230618T121026_049040_05E5AF_821C,COPERNICUS/S1_GRD/S1A_EW_GRDM_1SDH_20230618T120922_20230618T121026_049040_05E5AF_821C,2023-06-18 12:09:22,COPERNICUS/S2_SR_HARMONIZED/20230618T170901_20230618T170913_T20XNP,2023-06-18 17:11:10,5.03,0.7693,76.93,Sentinel-1 & Sentinel-2,Sentinel-2,success
S1A_EW_GRDM_1SDH_20230618T134749_20230618T134853_049041_05E5B6_FBAC,COPERNICUS/S1_GRD/S1A_EW_GRDM_1SDH_20230618T134749_20230618T134853_049041_05E5B6_FBAC,2023-06-18 13:47:49,COPERNICUS/S2_SR_HARMONIZED/20230618T193909_20230618T193907_T14XMN,2023-06-18 19:42:30,5.91,1.0,100.0,Sentinel-1 & Sentinel-2,Sentinel-2,success
S1A_EW_GRDM_1SDH_20230619T125013_20230619T125118_049055_05E626_D328,COPERNICUS/S1_GRD/S1A_EW_GRDM_1SDH_20230619T125013_20230619T125118_049055_05E626_D328,2023-06-19 12:50:13,COPERNICUS/S2_SR_HARMONIZED/20230619T181921_20230619T181920_T17XNJ,2023-06-19 18:21:40,5.52,1.0,100.0,Sentinel-1 & Sentinel-2,Sentinel-2,success
S1A_EW_GRDM_1SDH_20230619T142858_20230619T143002_049056_05E62C_0EEE,COPERNICUS/S1_GRD/S1A_EW_GRDM_1SDH_20230619T142858_20230619T143002_049056_05E62C_0EEE,2023-06-19 14:28:58,COPERNICUS/S2_SR_HARMONIZED/20230619T205029_20230619T205025_T14XNM,2023-06-19 20:52:13,6.39,1.0,100.0,Sentinel-1 & Sentinel-2,Sentinel-2,success
S1A_EW_GRDM_1SDH_20230621T123356_20230621T123500_049084_05E706_4FAD,COPERNICUS/S1_GRD/S1A_EW_GRDM_1SDH_20230621T123356_20230621T123500_049084_05E706_4FAD,2023-06-21 12:33:56,COPERNICUS/S2_SR_HARMONIZED/20230621T180919_20230621T180918_T18XVM,2023-06-21 18:11:59,5.63,1.0,100.0,Sentinel-1 & Sentinel-2,Sentinel-2,success
S1A_EW_GRDM_1SDH_20230621T123500_20230621T123600_049084_05E706_2DF6,COPERNICUS/S1_GRD/S1A_EW_GRDM_1SDH_20230621T123500_20230621T123600_049084_05E706_2DF6,2023-06-21 12:35:00,COPERNICUS/S2_SR_HARMONIZED/20230621T180919_20230621T180918_T16XEK,2023-06-21 18:12:41,5.63,1.0,100.0,Sentinel-1 & Sentinel-2,Sentinel-2,success
S1A_EW_GRDM_1SDH_20230624T143713_20230624T143817_049129_05E859_E237,COPERNICUS/S1_GRD/S1A_EW_GRDM_1SDH_20230624T143713_20230624T143817_049129_05E859_E237,2023-06-24 14:37:13,COPERNICUS/S2_SR_HARMONIZED/20230624T195859_20230624T195859_T14XNQ,2023-06-24 20:01:55,5.41,0.9023,90.23,Sentinel-1 & Sentinel-2,Sentinel-2,success
S1A_EW_GRDM_1SDH_20230624T143817_20230624T143917_049129_05E859_41EE,COPERNICUS/S1_GRD/S1A_EW_GRDM_1SDH_20230624T143817_20230624T143917_049129_05E859_41EE,2023-06-24 14:38:17,COPERNICUS/S2_SR_HARMONIZED/20230624T205021_20230624T205024_T12XVJ,2023-06-24 20:53:25,6.25,1.0,100.0,Sentinel-1 & Sentinel-2,Sentinel-2,success
S1A_EW_GRDM_1SDH_20230626T142148_20230626T142248_049158_05E944_ECF8,COPERNICUS/S1_GRD/S1A_EW_GRDM_1SDH_20230626T142148_20230626T142248_049158_05E944_ECF8,2023-06-26 14:21:48,COPERNICUS/S2_SR_HARMONIZED/20230626T194901_20230626T194904_T13XED,2023-06-26 19:53:18,5.53,0.8957,89.57,Sentinel-1 & Sentinel-2,Sentinel-2,success
S1A_EW_GRDM_1SDH_20230626T142248_20230626T142348_049158_05E944_BA88,COPERNICUS/S1_GRD/S1A_EW_GRDM_1SDH_20230626T142248_20230626T142348_049158_05E944_BA88,2023-06-26 14:22:48,COPERNICUS/S2_SR_HARMONIZED/20230626T194901_20230626T194904_T12XXF,2023-06-26 19:54:02,5.52,1.0,100.0,Sentinel-1 & Sentinel-2,Sentinel-2,success
S1A_EW_GRDM_1SDH_20230627T114601_20230627T114701_049171_05E9B5_5AF7,COPERNICUS/S1_GRD/S1A_EW_GRDM_1SDH_20230627T114601_20230627T114701_049171_05E9B5_5AF7,2023-06-27 11:46:01,COPERNICUS/S2_SR_HARMONIZED/20230627T164849_20230627T164852_T19XDC,2023-06-27 16:52:48,5.11,1.0,100.0,Sentinel-1 & Sentinel-2,Sentinel-2,success
S1A_EW_GRDM_1SDH_20230628T140418_20230628T140522_049187_05EA28_E105,COPERNICUS/S1_GRD/S1A_EW_GRDM_1SDH_20230628T140418_20230628T140522_049187_05EA28_E105,2023-06-28 14:04:18,COPERNICUS/S2_SR_HARMONIZED/20230628T193909_20230628T193907_T14XNN,2023-06-28 19:42:20,5.63,1.0,100.0,Sentinel-1 & Sentinel-2,Sentinel-2,success
S1A_EW_GRDM_1SDH_20230628T154303_20230628T154357_049188_05EA31_6E24,COPERNICUS/S1_GRD/S1A_EW_GRDM_1SDH_20230628T154303_20230628T154357_049188_05EA31_6E24,2023-06-28 15:43:03,COPERNICUS/S2_SR_HARMONIZED/20230628T212039_20230628T212038_T12XVP,2023-06-28 21:22:31,5.66,0.9779,97.79,Sentinel-1 & Sentinel-2,Sentinel-2,success
S1A_EW_GRDM_1SDH_20230629T130642_20230629T130747_049201_05EA98_7E6F,COPERNICUS/S1_GRD/S1A_EW_GRDM_1SDH_20230629T130642_20230629T130747_049201_05EA98_7E6F,2023-06-29 13:06:42,COPERNICUS/S2_SR_HARMONIZED/20230629T181921_20230629T181920_T18XWP,2023-06-29 18:21:26,5.25,0.7699,76.99,Sentinel-1 & Sentinel-2,Sentinel-2,success
S1A_EW_GRDM_1SDH_20230629T144524_20230629T144629_049202_05EA9F_5AF6,COPERNICUS/S1_GRD/S1A_EW_GRDM_1SDH_20230629T144524_20230629T144629_049202_05EA9F_5AF6,2023-06-29 14:45:24,COPERNICUS/S2_SR_HARMONIZED/20230629T195901_20230629T200145_T13XEJ,2023-06-29 20:02:19,5.28,1.0,100.0,Sentinel-1 & Sentinel-2,Sentinel-2,success
S1A_EW_GRDM_1SDH_20230630T120922_20230630T121027_049215_05EAFB_1952,COPERNICUS/S1_GRD/S1A_EW_GRDM_1SDH_20230630T120922_20230630T121027_049215_05EAFB_1952,2023-06-30 12:09:22,COPERNICUS/S2_SR_HARMONIZED/20230630T174911_20230630T174910_T18XVM,2023-06-30 17:52:02,5.71,1.0,100.0,Sentinel-1 & Sentinel-2,Sentinel-2,success
S1A_EW_GRDM_1SDH_20230630T134749_20230630T134853_049216_05EB02_5C83,COPERNICUS/S1_GRD/S1A_EW_GRDM_1SDH_20230630T134749_20230630T134853_049216_05EB02_5C83,2023-06-30 13:47:49,COPERNICUS/S2_SR_HARMONIZED/20230630T192911_20230630T192910_T15XWK,2023-06-30 19:31:46,5.73,1.0,100.0,Sentinel-1 & Sentinel-2,Sentinel-2,success
S1A_EW_GRDM_1SDH_20230701T125014_20230701T125118_049230_05EB6F_8120,COPERNICUS/S1_GRD/S1A_EW_GRDM_1SDH_20230701T125014_20230701T125118_049230_05EB6F_8120,2023-07-01 12:50:14,COPERNICUS/S2_SR_HARMONIZED/20230701T180919_20230701T180919_T18XWP,2023-07-01 18:11:28,5.35,1.0,100.0,Sentinel-1 & Sentinel-2,Sentinel-2,success
S1A_EW_GRDM_1SDH_20230701T125118_20230701T125218_049230_05EB6F_5EA3,COPERNICUS/S1_GRD/S1A_EW_GRDM_1SDH_20230701T125118_20230701T125218_049230_05EB6F_5EA3,2023-07-01 12:51:18,COPERNICUS/S2_SR_HARMONIZED/20230701T180919_20230701T180919_T16XEL,2023-07-01 18:12:32,5.35,1.0,100.0,Sentinel-1 & Sentinel-2,Sentinel-2,success
S1A_EW_GRDM_1SDH_20230701T142859_20230701T143003_049231_05EB76_6C70,COPERNICUS/S1_GRD/S1A_EW_GRDM_1SDH_20230701T142859_20230701T143003_049231_05EB76_6C70,2023-07-01 14:28:59,COPERNICUS/S2_SR_HARMONIZED/20230701T203841_20230701T203843_T11XNH,2023-07-01 20:42:51,6.23,1.0,100.0,Sentinel-1 & Sentinel-2,Sentinel-2,success
S1A_EW_GRDM_1SDH_20230701T143003_20230701T143103_049231_05EB76_6F7B,COPERNICUS/S1_GRD/S1A_EW_GRDM_1SDH_20230701T143003_20230701T143103_049231_05EB76_6F7B,2023-07-01 14:30:03,COPERNICUS/S2_SR_HARMONIZED/20230701T194909_20230701T194905_T12XVJ,2023-07-01 19:53:42,5.39,1.0,100.0,Sentinel-1 & Sentinel-2,Sentinel-2,success
S1A_EW_GRDM_1SDH_20230702T115303_20230702T115330_049244_05EBE3_C0F9,COPERNICUS/S1_GRD/S1A_EW_GRDM_1SDH_20230702T115303_20230702T115330_049244_05EBE3_C0F9,2023-07-02 11:53:03,COPERNICUS/S2_SR_HARMONIZED/20230702T164851_20230702T164845_T21XVH,2023-07-02 16:51:21,4.97,0.7914,79.14,Sentinel-1 & Sentinel-2,Sentinel-2,success
S1A_EW_GRDM_1SDH_20230703T123357_20230703T123501_049259_05EC59_E052,COPERNICUS/S1_GRD/S1A_EW_GRDM_1SDH_20230703T123357_20230703T123501_049259_05EC59_E052,2023-07-03 12:33:57,COPERNICUS/S2_SR_HARMONIZED/20230703T175921_20230703T175916_T18XWN,2023-07-03 18:01:40,5.46,1.0,100.0,Sentinel-1 & Sentinel-2,Sentinel-2,success
S1A_EW_GRDM_1SDH_20230703T123501_20230703T123601_049259_05EC59_96CC,COPERNICUS/S1_GRD/S1A_EW_GRDM_1SDH_20230703T123501_20230703T123601_049259_05EC59_96CC,2023-07-03 12:35:01,COPERNICUS/S2_SR_HARMONIZED/20230703T175921_20230703T175916_T16XEK,2023-07-03 18:02:46,5.46,1.0,100.0,Sentinel-1 & Sentinel-2,Sentinel-2,success
S1A_EW_GRDM_1SDH_20230705T121734_20230705T121839_049288_05ED3C_F13B,COPERNICUS/S1_GRD/S1A_EW_GRDM_1SDH_20230705T121734_20230705T121839_049288_05ED3C_F13B,2023-07-05 12:17:34,COPERNICUS/S2_SR_HARMONIZED/20230705T174909_20230705T174911_T20XMN,2023-07-05 17:51:26,5.56,0.9894,98.94,Sentinel-1 & Sentinel-2,Sentinel-2,success
S1A_EW_GRDM_1SDH_20230706T143818_20230706T143918_049304_05EDBA_2F98,COPERNICUS/S1_GRD/S1A_EW_GRDM_1SDH_20230706T143818_20230706T143918_049304_05EDBA_2F98,2023-07-06 14:38:18,COPERNICUS/S2_SR_HARMONIZED/20230706T194911_20230706T194905_T12XVK,2023-07-06 19:53:32,5.25,1.0,100.0,Sentinel-1 & Sentinel-2,Sentinel-2,success
S1A_EW_GRDM_1SDH_20230708T142249_20230708T142349_049333_05EEAC_FD89,COPERNICUS/S1_GRD/S1A_EW_GRDM_1SDH_20230708T142249_20230708T142349_049333_05EEAC_FD89,2023-07-08 14:22:49,COPERNICUS/S2_SR_HARMONIZED/20230708T193909_20230708T193908_T11WPV,2023-07-08 19:44:37,5.36,1.0,100.0,Sentinel-1 & Sentinel-2,Sentinel-2,success
S1A_EW_GRDM_1SDH_20230712T120924_20230712T121028_049390_05F06E_C029,COPERNICUS/S1_GRD/S1A_EW_GRDM_1SDH_20230712T120924_20230712T121028_049390_05F06E_C029,2023-07-12 12:09:24,COPERNICUS/S2_SR_HARMONIZED/20230712T173909_20230712T173907_T19XEJ,2023-07-12 17:41:19,5.53,1.0,100.0,Sentinel-1 & Sentinel-2,Sentinel-2,success
S1A_EW_GRDM_1SDH_20230712T121028_20230712T121128_049390_05F06E_D842,COPERNICUS/S1_GRD/S1A_EW_GRDM_1SDH_20230712T121028_20230712T121128_049390_05F06E_D842,2023-07-12 12:10:28,COPERNICUS/S2_SR_HARMONIZED/20230712T182921_20230712T182922_T17XNC,2023-07-12 18:32:44,6.37,1.0,100.0,Sentinel-1 & Sentinel-2,Sentinel-2,success
S1A_EW_GRDM_1SDH_20230712T134750_20230712T134855_049391_05F075_E006,COPERNICUS/S1_GRD/S1A_EW_GRDM_1SDH_20230712T134750_20230712T134855_049391_05F075_E006,2023-07-12 13:47:50,COPERNICUS/S2_SR_HARMONIZED/20230712T191919_20230712T191913_T16XEQ,2023-07-12 19:21:35,5.56,0.8971,89.71,Sentinel-1 & Sentinel-2,Sentinel-2,success
S1A_EW_GRDM_1SDH_20230713T125015_20230713T125119_049405_05F0DE_5E42,COPERNICUS/S1_GRD/S1A_EW_GRDM_1SDH_20230713T125015_20230713T125119_049405_05F0DE_5E42,2023-07-13 12:50:15,COPERNICUS/S2_SR_HARMONIZED/20230713T175921_20230713T175948_T18XVN,2023-07-13 18:01:52,5.19,1.0,100.0,Sentinel-1 & Sentinel-2,Sentinel-2,success
S1A_EW_GRDM_1SDH_20230713T125119_20230713T125219_049405_05F0DE_98C2,COPERNICUS/S1_GRD/S1A_EW_GRDM_1SDH_20230713T125119_20230713T125219_049405_05F0DE_98C2,2023-07-13 12:51:19,COPERNICUS/S2_SR_HARMONIZED/20230713T175921_20230713T175948_T17XNF,2023-07-13 18:02:18,5.18,0.8487,84.87,Sentinel-1 & Sentinel-2,Sentinel-2,success
S1A_EW_GRDM_1SDH_20230713T142900_20230713T143004_049406_05F0E4_0CB1,COPERNICUS/S1_GRD/S1A_EW_GRDM_1SDH_20230713T142900_20230713T143004_049406_05F0E4_0CB1,2023-07-13 14:29:00,COPERNICUS/S2_SR_HARMONIZED/20230713T212041_20230713T212039_T13XDL,2023-07-13 21:22:03,6.88,0.9996,99.96,Sentinel-1 & Sentinel-2,Sentinel-2,success
S1A_EW_GRDM_1SDH_20230713T143004_20230713T143104_049406_05F0E4_8483,COPERNICUS/S1_GRD/S1A_EW_GRDM_1SDH_20230713T143004_20230713T143104_049406_05F0E4_8483,2023-07-13 14:30:04,COPERNICUS/S2_SR_HARMONIZED/20230713T202849_20230713T202847_T11XND,2023-07-13 20:33:41,6.06,1.0,100.0,Sentinel-1 & Sentinel-2,Sentinel-2,success
S1A_EW_GRDM_1SDH_20230713T143104_20230713T143204_049406_05F0E4_0522,COPERNICUS/S1_GRD/S1A_EW_GRDM_1SDH_20230713T143104_20230713T143204_049406_05F0E4_0522,2023-07-13 14:31:04,COPERNICUS/S2_SR_HARMONIZED/20230713T193911_20230713T194201_T11XNA,2023-07-13 19:44:29,5.22,1.0,100.0,Sentinel-1 & Sentinel-2,Sentinel-2,success
S1A_EW_GRDM_1SDH_20230714T115304_20230714T115408_049419_05F152_E4AB,COPERNICUS/S1_GRD/S1A_EW_GRDM_1SDH_20230714T115304_20230714T115408_049419_05F152_E4AB,2023-07-14 11:53:04,COPERNICUS/S2_SR_HARMONIZED/20230714T172901_20230714T172902_T19XEG,2023-07-14 17:31:43,5.64,1.0,100.0,Sentinel-1 & Sentinel-2,Sentinel-2,success
S1A_EW_GRDM_1SDH_20230715T123358_20230715T123502_049434_05F1C5_E74E,COPERNICUS/S1_GRD/S1A_EW_GRDM_1SDH_20230715T123358_20230715T123502_049434_05F1C5_E74E,2023-07-15 12:33:58,COPERNICUS/S2_SR_HARMONIZED/20230715T174909_20230715T174910_T19XDH,2023-07-15 17:51:39,5.29,1.0,100.0,Sentinel-1 & Sentinel-2,Sentinel-2,success
S1A_EW_GRDM_1SDH_20230715T123502_20230715T123602_049434_05F1C5_551F,COPERNICUS/S1_GRD/S1A_EW_GRDM_1SDH_20230715T123502_20230715T123602_049434_05F1C5_551F,2023-07-15 12:35:02,COPERNICUS/S2_SR_HARMONIZED/20230715T174909_20230715T174910_T18XVJ,2023-07-15 17:52:39,5.29,0.9334,93.34,Sentinel-1 & Sentinel-2,Sentinel-2,success
S1A_EW_GRDM_1SDH_20230717T121840_20230717T121940_049463_05F29E_82C9,COPERNICUS/S1_GRD/S1A_EW_GRDM_1SDH_20230717T121840_20230717T121940_049463_05F29E_82C9,2023-07-17 12:18:40,COPERNICUS/S2_SR_HARMONIZED/20230717T182919_20230717T182922_T17XMC,2023-07-17 18:32:45,6.23,1.0,100.0,Sentinel-1 & Sentinel-2,Sentinel-2,success
S1A_EW_GRDM_1SDH_20230726T115409_20230726T115509_049594_05F6AC_0CD3,COPERNICUS/S1_GRD/S1A_EW_GRDM_1SDH_20230726T115409_20230726T115509_049594_05F6AC_0CD3,2023-07-26 11:54:09,COPERNICUS/S2_SR_HARMONIZED/20230726T171859_20230726T171901_T19XDE,2023-07-26 17:22:18,5.47,0.7461,74.61,Sentinel-1 & Sentinel-2,Sentinel-2,success
S1A_EW_GRDM_1SDH_20230821T212301_20230821T212340_049979_06034D_A3E2,COPERNICUS/S1_GRD/S1A_EW_GRDM_1SDH_20230821T212301_20230821T212340_049979_06034D_A3E2,2023-08-21 21:23:01,COPERNICUS/S2_SR_HARMONIZED/20230821T182921_20230821T182923_T20XNM,2023-08-21 18:31:14,-2.86,1.0,100.0,Sentinel-1 & Sentinel-2,Sentinel-2,success
S1A_EW_GRDM_1SDH_20230902T212302_20230902T212341_050154_060950_4315,COPERNICUS/S1_GRD/S1A_EW_GRDM_1SDH_20230902T212302_20230902T212341_050154_060950_4315,2023-09-02 21:23:02,COPERNICUS/S2_SR_HARMONIZED/20230902T172901_20230902T172902_T18XWL,2023-09-02 17:32:08,-3.85,1.0,100.0,Sentinel-1 & Sentinel-2,Sentinel-2,success
S1A_EW_GRDM_1SDH_20230921T211454_20230921T211533_050431_0612A9_9F01,COPERNICUS/S1_GRD/S1A_EW_GRDM_1SDH_20230921T211454_20230921T211533_050431_0612A9_9F01,2023-09-21 21:14:54,COPERNICUS/S2_SR_HARMONIZED/20230921T170919_20230921T170921_T20XML,2023-09-21 17:11:44,-4.05,0.981,98.1,Sentinel-1 & Sentinel-2,Sentinel-2,success
S1A_EW_GRDM_1SDH_20230408T125010_20230408T125114_048005_05C514_186E,COPERNICUS/S1_GRD/S1A_EW_GRDM_1SDH_20230408T125010_20230408T125114_048005_05C514_186E,2023-04-08 12:50:10,LANDSAT/LC08/C02/T1_L2/LC08_048002_20230408,2023-04-08 18:57:40,6.13,1.0,100.0,Sentinel-1 & Landsat-8,Landsat-8,success
S1A_EW_GRDM_1SDH_20230408T142855_20230408T142959_048006_05C51E_1D08,COPERNICUS/S1_GRD/S1A_EW_GRDM_1SDH_20230408T142855_20230408T142959_048006_05C51E_1D08,2023-04-08 14:28:55,LANDSAT/LC08/C02/T1_L2/LC08_064002_20230408,2023-04-08 20:36:33,6.13,1.0,100.0,Sentinel-1 & Landsat-8,Landsat-8,success
S1A_EW_GRDM_1SDH_20230410T123353_20230410T123457_048034_05C616_8D6F,COPERNICUS/S1_GRD/S1A_EW_GRDM_1SDH_20230410T123353_20230410T123457_048034_05C616_8D6F,2023-04-10 12:33:53,LANDSAT/LC08/C02/T1_L2/LC08_046002_20230410,2023-04-10 18:45:16,6.19,0.9182,91.82,Sentinel-1 & Landsat-8,Landsat-8,success
S1A_EW_GRDM_1SDH_20230412T121730_20230412T121835_048063_05C70C_40A9,COPERNICUS/S1_GRD/S1A_EW_GRDM_1SDH_20230412T121730_20230412T121835_048063_05C70C_40A9,2023-04-12 12:17:30,LANDSAT/LC08/C02/T1_L2/LC08_044003_20230412,2023-04-12 18:33:18,6.26,0.9646,96.46,Sentinel-1 & Landsat-8,Landsat-8,success
S1A_EW_GRDM_1SDH_20230413T143709_20230413T143814_048079_05C790_ADAA,COPERNICUS/S1_GRD/S1A_EW_GRDM_1SDH_20230413T143709_20230413T143814_048079_05C790_ADAA,2023-04-13 14:37:09,LANDSAT/LC08/C02/T1_L2/LC08_067001_20230413,2023-04-13 20:54:39,6.29,0.6278,62.78,Sentinel-1 & Landsat-8,Landsat-8,success
S1A_EW_GRDM_1SDH_20230418T130639_20230418T130743_048151_05CA0B_F142,COPERNICUS/S1_GRD/S1A_EW_GRDM_1SDH_20230418T130639_20230418T130743_048151_05CA0B_F142,2023-04-18 13:06:39,LANDSAT/LC08/C02/T1_L2/LC08_054001_20230418,2023-04-18 19:34:16,6.46,0.7346,73.46,Sentinel-1 & Landsat-8,Landsat-8,success
S1A_EW_GRDM_1SDH_20230420T142855_20230420T142959_048181_05CAFB_C436,COPERNICUS/S1_GRD/S1A_EW_GRDM_1SDH_20230420T142855_20230420T142959_048181_05CAFB_C436,2023-04-20 14:28:55,LANDSAT/LC08/C02/T1_L2/LC08_068001_20230420,2023-04-20 21:00:47,6.53,0.8183,81.83,Sentinel-1 & Landsat-8,Landsat-8,success
S1A_EW_GRDM_1SDH_20230425T143814_20230425T143914_048254_05CD70_C089,COPERNICUS/S1_GRD/S1A_EW_GRDM_1SDH_20230425T143814_20230425T143914_048254_05CD70_C089,2023-04-25 14:38:14,LANDSAT/LC08/C02/T1_L2/LC08_055007_20230425,2023-04-25 19:42:49,5.08,0.8715,87.15,Sentinel-1 & Landsat-8,Landsat-8,success
S1A_EW_GRDM_1SDH_20230426T151920_20230426T152020_048269_05CDF5_BEA4,COPERNICUS/S1_GRD/S1A_EW_GRDM_1SDH_20230426T151920_20230426T152020_048269_05CDF5_BEA4,2023-04-26 15:19:20,LANDSAT/LC08/C02/T1_L2/LC08_062006_20230426,2023-04-26 20:25:41,5.11,0.9965,99.65,Sentinel-1 & Landsat-8,Landsat-8,success
S1A_EW_GRDM_1SDH_20230427T142041_20230427T142145_048283_05CE6A_9DE3,COPERNICUS/S1_GRD/S1A_EW_GRDM_1SDH_20230427T142041_20230427T142145_048283_05CE6A_9DE3,2023-04-27 14:20:41,LANDSAT/LC08/C02/T1_L2/LC08_053004_20230427,2023-04-27 19:29:15,5.14,0.7277,72.77,Sentinel-1 & Landsat-8,Landsat-8,success
S1A_EW_GRDM_1SDH_20230427T142145_20230427T142245_048283_05CE6A_4627,COPERNICUS/S1_GRD/S1A_EW_GRDM_1SDH_20230427T142145_20230427T142245_048283_05CE6A_4627,2023-04-27 14:21:45,LANDSAT/LC08/C02/T1_L2/LC08_053005_20230427,2023-04-27 19:29:39,5.13,0.6265,62.65,Sentinel-1 & Landsat-8,Landsat-8,success
S1A_EW_GRDM_1SDH_20230428T150150_20230428T150255_048298_05CEF4_3CBD,COPERNICUS/S1_GRD/S1A_EW_GRDM_1SDH_20230428T150150_20230428T150255_048298_05CEF4_3CBD,2023-04-28 15:01:50,LANDSAT/LC08/C02/T1_L2/LC08_060004_20230428,2023-04-28 20:12:31,5.18,0.785,78.5,Sentinel-1 & Landsat-8,Landsat-8,success
S1A_EW_GRDM_1SDH_20230429T122549_20230429T122643_048311_05CF66_60DE,COPERNICUS/S1_GRD/S1A_EW_GRDM_1SDH_20230429T122549_20230429T122643_048311_05CF66_60DE,2023-04-29 12:25:49,LANDSAT/LC08/C02/T1_L2/LC08_035004_20230429,2023-04-29 17:38:00,5.2,0.8328,83.28,Sentinel-1 & Landsat-8,Landsat-8,success
S1A_EW_GRDM_1SDH_20230429T140415_20230429T140519_048312_05CF6F_C9CC,COPERNICUS/S1_GRD/S1A_EW_GRDM_1SDH_20230429T140415_20230429T140519_048312_05CF6F_C9CC,2023-04-29 14:04:15,LANDSAT/LC08/C02/T1_L2/LC08_051003_20230429,2023-04-29 19:16:29,5.2,0.6105,61.05,Sentinel-1 & Landsat-8,Landsat-8,success
S1A_EW_GRDM_1SDH_20230430T130640_20230430T130744_048326_05CFE9_E398,COPERNICUS/S1_GRD/S1A_EW_GRDM_1SDH_20230430T130640_20230430T130744_048326_05CFE9_E398,2023-04-30 13:06:40,LANDSAT/LC08/C02/T1_L2/LC08_058001_20230430,2023-04-30 19:58:56,6.87,0.9041,90.41,Sentinel-1 & Landsat-8,Landsat-8,success
S1A_EW_GRDM_1SDH_20230501T134746_20230501T134851_048341_05D05C_4678,COPERNICUS/S1_GRD/S1A_EW_GRDM_1SDH_20230501T134746_20230501T134851_048341_05D05C_4678,2023-05-01 13:47:46,LANDSAT/LC08/C02/T1_L2/LC08_049004_20230501,2023-05-01 19:04:30,5.28,0.9287,92.87,Sentinel-1 & Landsat-8,Landsat-8,success
S1A_EW_GRDM_1SDH_20230502T142856_20230502T143000_048356_05D0E0_AAA7,COPERNICUS/S1_GRD/S1A_EW_GRDM_1SDH_20230502T142856_20230502T143000_048356_05D0E0_AAA7,2023-05-02 14:28:56,LANDSAT/LC08/C02/T1_L2/LC08_056003_20230502,2023-05-02 19:47:21,5.31,0.7615,76.15,Sentinel-1 & Landsat-8,Landsat-8,success
S1A_EW_GRDM_1SDH_20230503T151109_20230503T151209_048371_05D160_3578,COPERNICUS/S1_GRD/S1A_EW_GRDM_1SDH_20230503T151109_20230503T151209_048371_05D160_3578,2023-05-03 15:11:09,LANDSAT/LC08/C02/T1_L2/LC08_063006_20230503,2023-05-03 20:31:48,5.34,1.0,100.0,Sentinel-1 & Landsat-8,Landsat-8,success
S1A_EW_GRDM_1SDH_20230504T123354_20230504T123458_048384_05D1CE_5E6C,COPERNICUS/S1_GRD/S1A_EW_GRDM_1SDH_20230504T123354_20230504T123458_048384_05D1CE_5E6C,2023-05-04 12:33:54,LANDSAT/LC08/C02/T1_L2/LC08_038003_20230504,2023-05-04 17:56:05,5.37,0.8544,85.44,Sentinel-1 & Landsat-8,Landsat-8,success
S1A_EW_GRDM_1SDH_20230506T121731_20230506T121836_048413_05D2C4_2D0C,COPERNICUS/S1_GRD/S1A_EW_GRDM_1SDH_20230506T121731_20230506T121836_048413_05D2C4_2D0C,2023-05-06 12:17:31,LANDSAT/LC08/C02/T1_L2/LC08_036004_20230506,2023-05-06 17:44:05,5.44,1.0,100.0,Sentinel-1 & Landsat-8,Landsat-8,success
S1A_EW_GRDM_1SDH_20230508T120117_20230508T120222_048442_05D3BD_0DE4,COPERNICUS/S1_GRD/S1A_EW_GRDM_1SDH_20230508T120117_20230508T120222_048442_05D3BD_0DE4,2023-05-08 12:01:17,LANDSAT/LC08/C02/T1_L2/LC08_034004_20230508,2023-05-08 17:31:42,5.51,1.0,100.0,Sentinel-1 & Landsat-8,Landsat-8,success
S1A_EW_GRDM_1SDH_20230509T142041_20230509T142146_048458_05D43B_C47B,COPERNICUS/S1_GRD/S1A_EW_GRDM_1SDH_20230509T142041_20230509T142146_048458_05D43B_C47B,2023-05-09 14:20:41,LANDSAT/LC08/C02/T1_L2/LC08_057002_20230509,2023-05-09 19:53:01,5.54,0.6847,68.47,Sentinel-1 & Landsat-8,Landsat-8,success
S1A_EW_GRDM_1SDH_20230510T132306_20230510T132342_048472_05D4B2_8302,COPERNICUS/S1_GRD/S1A_EW_GRDM_1SDH_20230510T132306_20230510T132342_048472_05D4B2_8302,2023-05-10 13:23:06,LANDSAT/LC08/C02/T1_L2/LC08_048002_20230510,2023-05-10 18:57:23,5.57,0.7273,72.73,Sentinel-1 & Landsat-8,Landsat-8,success
S1A_EW_GRDM_1SDH_20230511T122549_20230511T122643_048486_05D513_92E9,COPERNICUS/S1_GRD/S1A_EW_GRDM_1SDH_20230511T122549_20230511T122643_048486_05D513_92E9,2023-05-11 12:25:49,LANDSAT/LC08/C02/T1_L2/LC08_039004_20230511,2023-05-11 18:02:32,5.61,0.9907,99.07,Sentinel-1 & Landsat-8,Landsat-8,success
S1A_EW_GRDM_1SDH_20230511T140416_20230511T140520_048487_05D51C_668D,COPERNICUS/S1_GRD/S1A_EW_GRDM_1SDH_20230511T140416_20230511T140520_048487_05D51C_668D,2023-05-11 14:04:16,LANDSAT/LC08/C02/T1_L2/LC08_055003_20230511,2023-05-11 19:41:01,5.61,1.0,100.0,Sentinel-1 & Landsat-8,Landsat-8,success
S1A_EW_GRDM_1SDH_20230512T130640_20230512T130745_048501_05D58E_27EF,COPERNICUS/S1_GRD/S1A_EW_GRDM_1SDH_20230512T130640_20230512T130745_048501_05D58E_27EF,2023-05-12 13:06:40,LANDSAT/LC08/C02/T1_L2/LC08_046002_20230512,2023-05-12 18:44:59,5.64,0.794,79.4,Sentinel-1 & Landsat-8,Landsat-8,success
S1A_EW_GRDM_1SDH_20230512T144522_20230512T144626_048502_05D595_F1C3,COPERNICUS/S1_GRD/S1A_EW_GRDM_1SDH_20230512T144522_20230512T144626_048502_05D595_F1C3,2023-05-12 14:45:22,LANDSAT/LC08/C02/T1_L2/LC08_062002_20230512,2023-05-12 20:23:52,5.64,0.8676,86.76,Sentinel-1 & Landsat-8,Landsat-8,success
S1A_EW_GRDM_1SDH_20230513T120920_20230513T121025_048515_05D5F1_6D07,COPERNICUS/S1_GRD/S1A_EW_GRDM_1SDH_20230513T120920_20230513T121025_048515_05D5F1_6D07,2023-05-13 12:09:20,LANDSAT/LC08/C02/T1_L2/LC08_037003_20230513,2023-05-13 17:49:45,5.67,0.993,99.3,Sentinel-1 & Landsat-8,Landsat-8,success
S1A_EW_GRDM_1SDH_20230513T134747_20230513T134851_048516_05D5F7_5F62,COPERNICUS/S1_GRD/S1A_EW_GRDM_1SDH_20230513T134747_20230513T134851_048516_05D5F7_5F62,2023-05-13 13:47:47,LANDSAT/LC08/C02/T1_L2/LC08_053002_20230513,2023-05-13 19:28:15,5.67,0.8922,89.22,Sentinel-1 & Landsat-8,Landsat-8,success
S1A_EW_GRDM_1SDH_20230514T125012_20230514T125116_048530_05D664_C3B1,COPERNICUS/S1_GRD/S1A_EW_GRDM_1SDH_20230514T125012_20230514T125116_048530_05D664_C3B1,2023-05-14 12:50:12,LANDSAT/LC08/C02/T1_L2/LC08_044003_20230514,2023-05-14 18:33:01,5.71,1.0,100.0,Sentinel-1 & Landsat-8,Landsat-8,success
S1A_EW_GRDM_1SDH_20230514T125116_20230514T125216_048530_05D664_EE63,COPERNICUS/S1_GRD/S1A_EW_GRDM_1SDH_20230514T125116_20230514T125216_048530_05D664_EE63,2023-05-14 12:51:16,LANDSAT/LC08/C02/T1_L2/LC08_044005_20230514,2023-05-14 18:33:49,5.71,0.9848,98.48,Sentinel-1 & Landsat-8,Landsat-8,success
S1A_EW_GRDM_1SDH_20230514T143001_20230514T143101_048531_05D66A_8987,COPERNICUS/S1_GRD/S1A_EW_GRDM_1SDH_20230514T143001_20230514T143101_048531_05D66A_8987,2023-05-14 14:30:01,LANDSAT/LC08/C02/T1_L2/LC08_060006_20230514,2023-05-14 20:13:06,5.72,0.8817,88.17,Sentinel-1 & Landsat-8,Landsat-8,success
S1A_EW_GRDM_1SDH_20230518T121732_20230518T121836_048588_05D806_7C8E,COPERNICUS/S1_GRD/S1A_EW_GRDM_1SDH_20230518T121732_20230518T121836_048588_05D806_7C8E,2023-05-18 12:17:32,LANDSAT/LC08/C02/T1_L2/LC08_040003_20230518,2023-05-18 18:08:17,5.85,1.0,100.0,Sentinel-1 & Landsat-8,Landsat-8,success
S1A_EW_GRDM_1SDH_20230520T120118_20230520T120207_048617_05D8EC_E327,COPERNICUS/S1_GRD/S1A_EW_GRDM_1SDH_20230520T120118_20230520T120207_048617_05D8EC_E327,2023-05-20 12:01:18,LANDSAT/LC08/C02/T1_L2/LC08_038003_20230520,2023-05-20 17:55:56,5.91,0.8779,87.79,Sentinel-1 & Landsat-8,Landsat-8,success
S1A_EW_GRDM_1SDH_20230522T114455_20230522T114600_048646_05D9D7_5290,COPERNICUS/S1_GRD/S1A_EW_GRDM_1SDH_20230522T114455_20230522T114600_048646_05D9D7_5290,2023-05-22 11:44:55,LANDSAT/LC08/C02/T1_L2/LC08_036003_20230522,2023-05-22 17:43:35,5.98,0.7698,76.98,Sentinel-1 & Landsat-8,Landsat-8,success
S1A_EW_GRDM_1SDH_20230530T121732_20230530T121837_048763_05DD43_1E8D,COPERNICUS/S1_GRD/S1A_EW_GRDM_1SDH_20230530T121732_20230530T121837_048763_05DD43_1E8D,2023-05-30 12:17:32,LANDSAT/LC08/C02/T1_L2/LC08_044002_20230530,2023-05-30 18:32:39,6.25,0.8413,84.13,Sentinel-1 & Landsat-8,Landsat-8,success
S1A_EW_GRDM_1SDH_20230601T120119_20230601T120223_048792_05DE22_38F0,COPERNICUS/S1_GRD/S1A_EW_GRDM_1SDH_20230601T120119_20230601T120223_048792_05DE22_38F0,2023-06-01 12:01:19,LANDSAT/LC08/C02/T1_L2/LC08_042003_20230601,2023-06-01 18:20:41,6.32,0.9062,90.62,Sentinel-1 & Landsat-8,Landsat-8,success
S1A_EW_GRDM_1SDH_20230602T142043_20230602T142147_048808_05DE9A_F138,COPERNICUS/S1_GRD/S1A_EW_GRDM_1SDH_20230602T142043_20230602T142147_048808_05DE9A_F138,2023-06-02 14:20:43,LANDSAT/LC08/C02/T1_L2/LC08_065001_20230602,2023-06-02 20:42:03,6.36,0.7587,75.87,Sentinel-1 & Landsat-8,Landsat-8,success
S1A_EW_GRDM_1SDH_20230603T114456_20230603T114600_048821_05DF0A_235A,COPERNICUS/S1_GRD/S1A_EW_GRDM_1SDH_20230603T114456_20230603T114600_048821_05DF0A_235A,2023-06-03 11:44:56,LANDSAT/LC08/C02/T1_L2/LC08_040003_20230603,2023-06-03 18:08:21,6.39,0.7703,77.03,Sentinel-1 & Landsat-8,Landsat-8,success
S1A_EW_GRDM_1SDH_20230604T122550_20230604T122645_048836_05DF77_E402,COPERNICUS/S1_GRD/S1A_EW_GRDM_1SDH_20230604T122550_20230604T122645_048836_05DF77_E402,2023-06-04 12:25:50,LANDSAT/LC08/C02/T1_L2/LC08_047002_20230604,2023-06-04 18:51:14,6.42,0.8018,80.18,Sentinel-1 & Landsat-8,Landsat-8,success
S1A_EW_GRDM_1SDH_20230607T125117_20230607T125217_048880_05E0CD_50FD,COPERNICUS/S1_GRD/S1A_EW_GRDM_1SDH_20230607T125117_20230607T125217_048880_05E0CD_50FD,2023-06-07 12:51:17,LANDSAT/LC08/C02/T1_L2/LC08_036007_20230607,2023-06-07 17:45:16,4.9,0.7847,78.47,Sentinel-1 & Landsat-8,Landsat-8,success
S1A_EW_GRDM_1SDH_20230607T143101_20230607T143201_048881_05E0D3_2C71,COPERNICUS/S1_GRD/S1A_EW_GRDM_1SDH_20230607T143101_20230607T143201_048881_05E0D3_2C71,2023-06-07 14:31:01,LANDSAT/LC08/C02/T1_L2/LC08_052009_20230607,2023-06-07 19:24:57,4.9,1.0,100.0,Sentinel-1 & Landsat-8,Landsat-8,success
S1A_EW_GRDM_1SDH_20230612T143817_20230612T143916_048954_05E308_B629,COPERNICUS/S1_GRD/S1A_EW_GRDM_1SDH_20230612T143817_20230612T143916_048954_05E308_B629,2023-06-12 14:38:17,LANDSAT/LC08/C02/T1_L2/LC08_055006_20230612,2023-06-12 19:42:21,5.07,0.9595,95.95,Sentinel-1 & Landsat-8,Landsat-8,success
S1A_EW_GRDM_1SDH_20230614T142148_20230614T142248_048983_05E3F6_1872,COPERNICUS/S1_GRD/S1A_EW_GRDM_1SDH_20230614T142148_20230614T142248_048983_05E3F6_1872,2023-06-14 14:21:48,LANDSAT/LC08/C02/T1_L2/LC08_053006_20230614,2023-06-14 19:30:00,5.14,0.9999,99.99,Sentinel-1 & Landsat-8,Landsat-8,success
S1A_EW_GRDM_1SDH_20230614T142248_20230614T142348_048983_05E3F6_0FE2,COPERNICUS/S1_GRD/S1A_EW_GRDM_1SDH_20230614T142248_20230614T142348_048983_05E3F6_0FE2,2023-06-14 14:22:48,LANDSAT/LC08/C02/T1_L2/LC08_053008_20230614,2023-06-14 19:30:48,5.13,0.9729,97.29,Sentinel-1 & Landsat-8,Landsat-8,success
S1A_EW_GRDM_1SDH_20230615T114457_20230615T114601_048996_05E45F_7371,COPERNICUS/S1_GRD/S1A_EW_GRDM_1SDH_20230615T114457_20230615T114601_048996_05E45F_7371,2023-06-15 11:44:57,LANDSAT/LC08/C02/T1_L2/LC08_028005_20230615,2023-06-15 16:55:06,5.17,0.9424,94.24,Sentinel-1 & Landsat-8,Landsat-8,success
S1A_EW_GRDM_1SDH_20230616T122551_20230616T122645_049011_05E4CC_2F00,COPERNICUS/S1_GRD/S1A_EW_GRDM_1SDH_20230616T122551_20230616T122645_049011_05E4CC_2F00,2023-06-16 12:25:51,LANDSAT/LC08/C02/T1_L2/LC08_035004_20230616,2023-06-16 17:37:58,5.2,0.8036,80.36,Sentinel-1 & Landsat-8,Landsat-8,success
S1A_EW_GRDM_1SDH_20230616T140418_20230616T140522_049012_05E4D5_1CE9,COPERNICUS/S1_GRD/S1A_EW_GRDM_1SDH_20230616T140418_20230616T140522_049012_05E4D5_1CE9,2023-06-16 14:04:18,LANDSAT/LC08/C02/T1_L2/LC08_067002_20230616,2023-06-16 20:54:57,6.84,0.6553,65.53,Sentinel-1 & Landsat-8,Landsat-8,success
S1A_EW_GRDM_1SDH_20230616T154303_20230616T154357_049013_05E4DE_1274,COPERNICUS/S1_GRD/S1A_EW_GRDM_1SDH_20230616T154303_20230616T154357_049013_05E4DE_1274,2023-06-16 15:43:03,LANDSAT/LC08/C02/T1_L2/LC08_067004_20230616,2023-06-16 20:55:44,5.21,0.6047,60.47,Sentinel-1 & Landsat-8,Landsat-8,success
S1A_EW_GRDM_1SDH_20230618T134749_20230618T134853_049041_05E5B6_FBAC,COPERNICUS/S1_GRD/S1A_EW_GRDM_1SDH_20230618T134749_20230618T134853_049041_05E5B6_FBAC,2023-06-18 13:47:49,LANDSAT/LC08/C02/T1_L2/LC08_065001_20230618,2023-06-18 20:42:12,6.91,0.9488,94.88,Sentinel-1 & Landsat-8,Landsat-8,success
S1A_EW_GRDM_1SDH_20230621T123356_20230621T123500_049084_05E706_4FAD,COPERNICUS/S1_GRD/S1A_EW_GRDM_1SDH_20230621T123356_20230621T123500_049084_05E706_4FAD,2023-06-21 12:33:56,LANDSAT/LC08/C02/T1_L2/LC08_038003_20230621,2023-06-21 17:56:07,5.37,0.8279,82.79,Sentinel-1 & Landsat-8,Landsat-8,success
S1A_EW_GRDM_1SDH_20230626T142248_20230626T142348_049158_05E944_BA88,COPERNICUS/S1_GRD/S1A_EW_GRDM_1SDH_20230626T142248_20230626T142348_049158_05E944_BA88,2023-06-26 14:22:48,LANDSAT/LC08/C02/T1_L2/LC08_057008_20230626,2023-06-26 19:55:36,5.55,0.6893,68.93,Sentinel-1 & Landsat-8,Landsat-8,success
S1A_EW_GRDM_1SDH_20230628T140418_20230628T140522_049187_05EA28_E105,COPERNICUS/S1_GRD/S1A_EW_GRDM_1SDH_20230628T140418_20230628T140522_049187_05EA28_E105,2023-06-28 14:04:18,LANDSAT/LC08/C02/T1_L2/LC08_055003_20230628,2023-06-28 19:41:18,5.62,1.0,100.0,Sentinel-1 & Landsat-8,Landsat-8,success
S1A_EW_GRDM_1SDH_20230629T144524_20230629T144629_049202_05EA9F_5AF6,COPERNICUS/S1_GRD/S1A_EW_GRDM_1SDH_20230629T144524_20230629T144629_049202_05EA9F_5AF6,2023-06-29 14:45:24,LANDSAT/LC08/C02/T1_L2/LC08_062003_20230629,2023-06-29 20:24:34,5.65,1.0,100.0,Sentinel-1 & Landsat-8,Landsat-8,success
S1A_EW_GRDM_1SDH_20230630T120922_20230630T121027_049215_05EAFB_1952,COPERNICUS/S1_GRD/S1A_EW_GRDM_1SDH_20230630T120922_20230630T121027_049215_05EAFB_1952,2023-06-30 12:09:22,LANDSAT/LC08/C02/T1_L2/LC08_037003_20230630,2023-06-30 17:50:04,5.68,0.9949,99.49,Sentinel-1 & Landsat-8,Landsat-8,success
S1A_EW_GRDM_1SDH_20230701T125014_20230701T125118_049230_05EB6F_8120,COPERNICUS/S1_GRD/S1A_EW_GRDM_1SDH_20230701T125014_20230701T125118_049230_05EB6F_8120,2023-07-01 12:50:14,LANDSAT/LC08/C02/T1_L2/LC08_044002_20230701,2023-07-01 18:32:57,5.71,0.9107,91.07,Sentinel-1 & Landsat-8,Landsat-8,success
S1A_EW_GRDM_1SDH_20230701T142859_20230701T143003_049231_05EB76_6C70,COPERNICUS/S1_GRD/S1A_EW_GRDM_1SDH_20230701T142859_20230701T143003_049231_05EB76_6C70,2023-07-01 14:28:59,LANDSAT/LC08/C02/T1_L2/LC08_060004_20230701,2023-07-01 20:12:38,5.73,0.7503,75.03,Sentinel-1 & Landsat-8,Landsat-8,success
S1A_EW_GRDM_1SDH_20230701T143003_20230701T143103_049231_05EB76_6F7B,COPERNICUS/S1_GRD/S1A_EW_GRDM_1SDH_20230701T143003_20230701T143103_049231_05EB76_6F7B,2023-07-01 14:30:03,LANDSAT/LC08/C02/T1_L2/LC08_060005_20230701,2023-07-01 20:13:01,5.72,0.9791,97.91,Sentinel-1 & Landsat-8,Landsat-8,success
S1A_EW_GRDM_1SDH_20230702T115303_20230702T115330_049244_05EBE3_C0F9,COPERNICUS/S1_GRD/S1A_EW_GRDM_1SDH_20230702T115303_20230702T115330_049244_05EBE3_C0F9,2023-07-02 11:53:03,LANDSAT/LC08/C02/T1_L2/LC08_035003_20230702,2023-07-02 17:37:44,5.74,0.8581,85.81,Sentinel-1 & Landsat-8,Landsat-8,success
S1A_EW_GRDM_1SDH_20230703T123357_20230703T123501_049259_05EC59_E052,COPERNICUS/S1_GRD/S1A_EW_GRDM_1SDH_20230703T123357_20230703T123501_049259_05EC59_E052,2023-07-03 12:33:57,LANDSAT/LC08/C02/T1_L2/LC08_042003_20230703,2023-07-03 18:21:01,5.78,1.0,100.0,Sentinel-1 & Landsat-8,Landsat-8,success
S1A_EW_GRDM_1SDH_20230703T123501_20230703T123601_049259_05EC59_96CC,COPERNICUS/S1_GRD/S1A_EW_GRDM_1SDH_20230703T123501_20230703T123601_049259_05EC59_96CC,2023-07-03 12:35:01,LANDSAT/LC08/C02/T1_L2/LC08_042005_20230703,2023-07-03 18:21:48,5.78,0.7261,72.61,Sentinel-1 & Landsat-8,Landsat-8,success
S1A_EW_GRDM_1SDH_20230705T121734_20230705T121839_049288_05ED3C_F13B,COPERNICUS/S1_GRD/S1A_EW_GRDM_1SDH_20230705T121734_20230705T121839_049288_05ED3C_F13B,2023-07-05 12:17:34,LANDSAT/LC08/C02/T1_L2/LC08_040003_20230705,2023-07-05 18:08:40,5.85,1.0,100.0,Sentinel-1 & Landsat-8,Landsat-8,success
S1A_EW_GRDM_1SDH_20230706T143818_20230706T143918_049304_05EDBA_2F98,COPERNICUS/S1_GRD/S1A_EW_GRDM_1SDH_20230706T143818_20230706T143918_049304_05EDBA_2F98,2023-07-06 14:38:18,LANDSAT/LC08/C02/T1_L2/LC08_063005_20230706,2023-07-06 20:31:37,5.89,0.9005,90.05,Sentinel-1 & Landsat-8,Landsat-8,success
S1A_EW_GRDM_1SDH_20230713T125015_20230713T125119_049405_05F0DE_5E42,COPERNICUS/S1_GRD/S1A_EW_GRDM_1SDH_20230713T125015_20230713T125119_049405_05F0DE_5E42,2023-07-13 12:50:15,LANDSAT/LC08/C02/T1_L2/LC08_048002_20230713,2023-07-13 18:57:46,6.13,1.0,100.0,Sentinel-1 & Landsat-8,Landsat-8,success
S1A_EW_GRDM_1SDH_20230714T115304_20230714T115408_049419_05F152_E4AB,COPERNICUS/S1_GRD/S1A_EW_GRDM_1SDH_20230714T115304_20230714T115408_049419_05F152_E4AB,2023-07-14 11:53:04,LANDSAT/LC08/C02/T1_L2/LC08_039003_20230714,2023-07-14 18:02:32,6.16,0.9941,99.41,Sentinel-1 & Landsat-8,Landsat-8,success
S1A_EW_GRDM_1SDH_20230715T123358_20230715T123502_049434_05F1C5_E74E,COPERNICUS/S1_GRD/S1A_EW_GRDM_1SDH_20230715T123358_20230715T123502_049434_05F1C5_E74E,2023-07-15 12:33:58,LANDSAT/LC08/C02/T1_L2/LC08_046002_20230715,2023-07-15 18:45:24,6.19,0.925,92.5,Sentinel-1 & Landsat-8,Landsat-8,success
