s1_scene_name,s1_image_id,s1_acquisition_time,matched_image_id,sensor_pair,status
S1A_EW_GRDM_1SDH_20230329T155110_20230329T155214_047861_05C03E_8378,COPERNICUS/S1_GRD/S1A_EW_GRDM_1SDH_20230329T155110_20230329T155214_047861_05C03E_8378,2023-03-29 15:51:10,No match found,Sentinel-1 only,no_match
S1A_EW_GRDM_1SDH_20230105T212255_20230105T212334_046654_05978A_50D1,COPERNICUS/S1_GRD/S1A_EW_GRDM_1SDH_20230105T212255_20230105T212334_046654_05978A_50D1,2023-01-05 21:22:55,No match found,Sentinel-1 only,no_match
S1A_EW_GRDM_1SDH_20230630T134853_20230630T134953_049216_05EB02_4620,COPERNICUS/S1_GRD/S1A_EW_GRDM_1SDH_20230630T134853_20230630T134953_049216_05EB02_4620,2023-06-30 13:48:53,No match found,Sentinel-1 only,no_match
S1A_EW_GRDM_1SDH_20230630T134749_20230630T134853_049216_05EB02_5C83,COPERNICUS/S1_GRD/S1A_EW_GRDM_1SDH_20230630T134749_20230630T134853_049216_05EB02_5C83,2023-06-30 13:47:49,No match found,Sentinel-1 only,no_match
S1A_EW_GRDM_1SDH_20230630T120922_20230630T121027_049215_05EAFB_1952,COPERNICUS/S1_GRD/S1A_EW_GRDM_1SDH_20230630T120922_20230630T121027_049215_05EAFB_1952,2023-06-30 12:09:22,No match found,Sentinel-1 only,no_match
S1A_EW_GRDM_1SDH_20230629T144524_20230629T144629_049202_05EA9F_5AF6,COPERNICUS/S1_GRD/S1A_EW_GRDM_1SDH_20230629T144524_20230629T144629_049202_05EA9F_5AF6,2023-06-29 14:45:24,No match found,Sentinel-1 only,no_match
S1A_EW_GRDM_1SDH_20230629T130642_20230629T130747_049201_05EA98_7E6F,COPERNICUS/S1_GRD/S1A_EW_GRDM_1SDH_20230629T130642_20230629T130747_049201_05EA98_7E6F,2023-06-29 13:06:42,No match found,Sentinel-1 only,no_match
S1A_EW_GRDM_1SDH_20230628T154303_20230628T154357_049188_05EA31_6E24,COPERNICUS/S1_GRD/S1A_EW_GRDM_1SDH_20230628T154303_20230628T154357_049188_05EA31_6E24,2023-06-28 15:43:03,No match found,Sentinel-1 only,no_match
S1A_EW_GRDM_1SDH_20230628T140418_20230628T140522_049187_05EA28_E105,COPERNICUS/S1_GRD/S1A_EW_GRDM_1SDH_20230628T140418_20230628T140522_049187_05EA28_E105,2023-06-28 14:04:18,No match found,Sentinel-1 only,no_match
S1A_EW_GRDM_1SDH_20230627T114601_20230627T114701_049171_05E9B5_5AF7,COPERNICUS/S1_GRD/S1A_EW_GRDM_1SDH_20230627T114601_20230627T114701_049171_05E9B5_5AF7,2023-06-27 11:46:01,No match found,Sentinel-1 only,no_match
S1A_EW_GRDM_1SDH_20230626T142248_20230626T142348_049158_05E944_BA88,COPERNICUS/S1_GRD/S1A_EW_GRDM_1SDH_20230626T142248_20230626T142348_049158_05E944_BA88,2023-06-26 14:22:48,No match found,Sentinel-1 only,no_match
S1A_EW_GRDM_1SDH_20230626T142148_20230626T142248_049158_05E944_ECF8,COPERNICUS/S1_GRD/S1A_EW_GRDM_1SDH_20230626T142148_20230626T142248_049158_05E944_ECF8,2023-06-26 14:21:48,No match found,Sentinel-1 only,no_match
S1A_EW_GRDM_1SDH_20230624T143817_20230624T143917_049129_05E859_41EE,COPERNICUS/S1_GRD/S1A_EW_GRDM_1SDH_20230624T143817_20230624T143917_049129_05E859_41EE,2023-06-24 14:38:17,No match found,Sentinel-1 only,no_match
S1A_EW_GRDM_1SDH_20230624T143713_20230624T143817_049129_05E859_E237,COPERNICUS/S1_GRD/S1A_EW_GRDM_1SDH_20230624T143713_20230624T143817_049129_05E859_E237,2023-06-24 14:37:13,No match found,Sentinel-1 only,no_match
S1A_EW_GRDM_1SDH_20230621T123500_20230621T123600_049084_05E706_2DF6,COPERNICUS/S1_GRD/S1A_EW_GRDM_1SDH_20230621T123500_20230621T123600_049084_05E706_2DF6,2023-06-21 12:35:00,No match found,Sentinel-1 only,no_match
S1A_EW_GRDM_1SDH_20230621T123356_20230621T123500_049084_05E706_4FAD,COPERNICUS/S1_GRD/S1A_EW_GRDM_1SDH_20230621T123356_20230621T123500_049084_05E706_4FAD,2023-06-21 12:33:56,No match found,Sentinel-1 only,no_match
S1A_EW_GRDM_1SDH_20230619T143103_20230619T143202_049056_05E62C_EC11,COPERNICUS/S1_GRD/S1A_EW_GRDM_1SDH_20230619T143103_20230619T143202_049056_05E62C_EC11,2023-06-19 14:31:03,No match found,Sentinel-1 only,no_match
S1A_EW_GRDM_1SDH_20230619T142858_20230619T143002_049056_05E62C_0EEE,COPERNICUS/S1_GRD/S1A_EW_GRDM_1SDH_20230619T142858_20230619T143002_049056_05E62C_0EEE,2023-06-19 14:28:58,No match found,Sentinel-1 only,no_match
S1A_EW_GRDM_1SDH_20230619T125013_20230619T125118_049055_05E626_D328,COPERNICUS/S1_GRD/S1A_EW_GRDM_1SDH_20230619T125013_20230619T125118_049055_05E626_D328,2023-06-19 12:50:13,No match found,Sentinel-1 only,no_match
S1A_EW_GRDM_1SDH_20230618T134749_20230618T134853_049041_05E5B6_FBAC,COPERNICUS/S1_GRD/S1A_EW_GRDM_1SDH_20230618T134749_20230618T134853_049041_05E5B6_FBAC,2023-06-18 13:47:49,No match found,Sentinel-1 only,no_match
S1A_EW_GRDM_1SDH_20230618T121026_20230618T121126_049040_05E5AF_F47D,COPERNICUS/S1_GRD/S1A_EW_GRDM_1SDH_20230618T121026_20230618T121126_049040_05E5AF_F47D,2023-06-18 12:10:26,No match found,Sentinel-1 only,no_match
S1A_EW_GRDM_1SDH_20230618T120922_20230618T121026_049040_05E5AF_821C,COPERNICUS/S1_GRD/S1A_EW_GRDM_1SDH_20230618T120922_20230618T121026_049040_05E5AF_821C,2023-06-18 12:09:22,No match found,Sentinel-1 only,no_match
S1A_EW_GRDM_1SDH_20230617T144728_20230617T144811_049027_05E552_F861,COPERNICUS/S1_GRD/S1A_EW_GRDM_1SDH_20230617T144728_20230617T144811_049027_05E552_F861,2023-06-17 14:47:28,No match found,Sentinel-1 only,no_match
S1A_EW_GRDM_1SDH_20230617T144628_20230617T144728_049027_05E552_6165,COPERNICUS/S1_GRD/S1A_EW_GRDM_1SDH_20230617T144628_20230617T144728_049027_05E552_6165,2023-06-17 14:46:28,No match found,Sentinel-1 only,no_match
S1A_EW_GRDM_1SDH_20230617T144524_20230617T144628_049027_05E552_7DC4,COPERNICUS/S1_GRD/S1A_EW_GRDM_1SDH_20230617T144524_20230617T144628_049027_05E552_7DC4,2023-06-17 14:45:24,No match found,Sentinel-1 only,no_match
S1A_EW_GRDM_1SDH_20230617T130747_20230617T130819_049026_05E54B_3EA0,COPERNICUS/S1_GRD/S1A_EW_GRDM_1SDH_20230617T130747_20230617T130819_049026_05E54B_3EA0,2023-06-17 13:07:47,No match found,Sentinel-1 only,no_match
S1A_EW_GRDM_1SDH_20230617T130642_20230617T130747_049026_05E54B_A85D,COPERNICUS/S1_GRD/S1A_EW_GRDM_1SDH_20230617T130642_20230617T130747_049026_05E54B_A85D,2023-06-17 13:06:42,No match found,Sentinel-1 only,no_match
S1A_EW_GRDM_1SDH_20230616T154303_20230616T154357_049013_05E4DE_1274,COPERNICUS/S1_GRD/S1A_EW_GRDM_1SDH_20230616T154303_20230616T154357_049013_05E4DE_1274,2023-06-16 15:43:03,No match found,Sentinel-1 only,no_match
S1A_EW_GRDM_1SDH_20230616T140522_20230616T140622_049012_05E4D5_75E8,COPERNICUS/S1_GRD/S1A_EW_GRDM_1SDH_20230616T140522_20230616T140622_049012_05E4D5_75E8,2023-06-16 14:05:22,No match found,Sentinel-1 only,no_match
S1A_EW_GRDM_1SDH_20230616T140418_20230616T140522_049012_05E4D5_1CE9,COPERNICUS/S1_GRD/S1A_EW_GRDM_1SDH_20230616T140418_20230616T140522_049012_05E4D5_1CE9,2023-06-16 14:04:18,No match found,Sentinel-1 only,no_match
S1A_EW_GRDM_1SDH_20230616T122551_20230616T122645_049011_05E4CC_2F00,COPERNICUS/S1_GRD/S1A_EW_GRDM_1SDH_20230616T122551_20230616T122645_049011_05E4CC_2F00,2023-06-16 12:25:51,No match found,Sentinel-1 only,no_match
S1A_EW_GRDM_1SDH_20230615T150257_20230615T150330_048998_05E46D_0ECF,COPERNICUS/S1_GRD/S1A_EW_GRDM_1SDH_20230615T150257_20230615T150330_048998_05E46D_0ECF,2023-06-15 15:02:57,No match found,Sentinel-1 only,no_match
S1A_EW_GRDM_1SDH_20230615T150153_20230615T150257_048998_05E46D_1BE5,COPERNICUS/S1_GRD/S1A_EW_GRDM_1SDH_20230615T150153_20230615T150257_048998_05E46D_1BE5,2023-06-15 15:01:53,No match found,Sentinel-1 only,no_match
S1A_EW_GRDM_1SDH_20230615T114457_20230615T114601_048996_05E45F_7371,COPERNICUS/S1_GRD/S1A_EW_GRDM_1SDH_20230615T114457_20230615T114601_048996_05E45F_7371,2023-06-15 11:44:57,No match found,Sentinel-1 only,no_match
S1A_EW_GRDM_1SDH_20230614T142248_20230614T142348_048983_05E3F6_0FE2,COPERNICUS/S1_GRD/S1A_EW_GRDM_1SDH_20230614T142248_20230614T142348_048983_05E3F6_0FE2,2023-06-14 14:22:48,No match found,Sentinel-1 only,no_match
S1A_EW_GRDM_1SDH_20230614T142148_20230614T142248_048983_05E3F6_1872,COPERNICUS/S1_GRD/S1A_EW_GRDM_1SDH_20230614T142148_20230614T142248_048983_05E3F6_1872,2023-06-14 14:21:48,No match found,Sentinel-1 only,no_match
S1A_EW_GRDM_1SDH_20230614T142043_20230614T142148_048983_05E3F6_3E80,COPERNICUS/S1_GRD/S1A_EW_GRDM_1SDH_20230614T142043_20230614T142148_048983_05E3F6_3E80,2023-06-14 14:20:43,No match found,Sentinel-1 only,no_match
S1A_EW_GRDM_1SDH_20230613T120119_20230613T120224_048967_05E379_A4FA,COPERNICUS/S1_GRD/S1A_EW_GRDM_1SDH_20230613T120119_20230613T120224_048967_05E379_A4FA,2023-06-13 12:01:19,No match found,Sentinel-1 only,no_match
S1A_EW_GRDM_1SDH_20230612T143817_20230612T143916_048954_05E308_B629,COPERNICUS/S1_GRD/S1A_EW_GRDM_1SDH_20230612T143817_20230612T143916_048954_05E308_B629,2023-06-12 14:38:17,No match found,Sentinel-1 only,no_match
S1A_EW_GRDM_1SDH_20230612T143712_20230612T143817_048954_05E308_1EB8,COPERNICUS/S1_GRD/S1A_EW_GRDM_1SDH_20230612T143712_20230612T143817_048954_05E308_1EB8,2023-06-12 14:37:12,No match found,Sentinel-1 only,no_match
S1A_EW_GRDM_1SDH_20230611T121733_20230611T121837_048938_05E287_B229,COPERNICUS/S1_GRD/S1A_EW_GRDM_1SDH_20230611T121733_20230611T121837_048938_05E287_B229,2023-06-11 12:17:33,No match found,Sentinel-1 only,no_match
S1A_EW_GRDM_1SDH_20230609T123355_20230609T123500_048909_05E1AF_4FA4,COPERNICUS/S1_GRD/S1A_EW_GRDM_1SDH_20230609T123355_20230609T123500_048909_05E1AF_4FA4,2023-06-09 12:33:55,No match found,Sentinel-1 only,no_match
S1A_EW_GRDM_1SDH_20230607T143101_20230607T143201_048881_05E0D3_2C71,COPERNICUS/S1_GRD/S1A_EW_GRDM_1SDH_20230607T143101_20230607T143201_048881_05E0D3_2C71,2023-06-07 14:31:01,No match found,Sentinel-1 only,no_match
S1A_EW_GRDM_1SDH_20230607T143001_20230607T143101_048881_05E0D3_4DE0,COPERNICUS/S1_GRD/S1A_EW_GRDM_1SDH_20230607T143001_20230607T143101_048881_05E0D3_4DE0,2023-06-07 14:30:01,No match found,Sentinel-1 only,no_match
S1A_EW_GRDM_1SDH_20230607T142857_20230607T143001_048881_05E0D3_655D,COPERNICUS/S1_GRD/S1A_EW_GRDM_1SDH_20230607T142857_20230607T143001_048881_05E0D3_655D,2023-06-07 14:28:57,No match found,Sentinel-1 only,no_match
S1A_EW_GRDM_1SDH_20230607T125117_20230607T125217_048880_05E0CD_50FD,COPERNICUS/S1_GRD/S1A_EW_GRDM_1SDH_20230607T125117_20230607T125217_048880_05E0CD_50FD,2023-06-07 12:51:17,No match found,Sentinel-1 only,no_match
S1A_EW_GRDM_1SDH_20230607T125012_20230607T125117_048880_05E0CD_6267,COPERNICUS/S1_GRD/S1A_EW_GRDM_1SDH_20230607T125012_20230607T125117_048880_05E0CD_6267,2023-06-07 12:50:12,No match found,Sentinel-1 only,no_match
S1A_EW_GRDM_1SDH_20230606T134852_20230606T134952_048866_05E060_3E2D,COPERNICUS/S1_GRD/S1A_EW_GRDM_1SDH_20230606T134852_20230606T134952_048866_05E060_3E2D,2023-06-06 13:48:52,No match found,Sentinel-1 only,no_match
S1A_EW_GRDM_1SDH_20230606T134748_20230606T134852_048866_05E060_ED2B,COPERNICUS/S1_GRD/S1A_EW_GRDM_1SDH_20230606T134748_20230606T134852_048866_05E060_ED2B,2023-06-06 13:47:48,No match found,Sentinel-1 only,no_match
S1A_EW_GRDM_1SDH_20230606T121025_20230606T121125_048865_05E059_1FDC,COPERNICUS/S1_GRD/S1A_EW_GRDM_1SDH_20230606T121025_20230606T121125_048865_05E059_1FDC,2023-06-06 12:10:25,No match found,Sentinel-1 only,no_match
S1A_EW_GRDM_1SDH_20230606T120921_20230606T121025_048865_05E059_9FCE,COPERNICUS/S1_GRD/S1A_EW_GRDM_1SDH_20230606T120921_20230606T121025_048865_05E059_9FCE,2023-06-06 12:09:21,No match found,Sentinel-1 only,no_match
S1A_EW_GRDM_1SDH_20230605T144728_20230605T144810_048852_05DFFD_9A9F,COPERNICUS/S1_GRD/S1A_EW_GRDM_1SDH_20230605T144728_20230605T144810_048852_05DFFD_9A9F,2023-06-05 14:47:28,No match found,Sentinel-1 only,no_match
S1A_EW_GRDM_1SDH_20230605T144628_20230605T144728_048852_05DFFD_4F2E,COPERNICUS/S1_GRD/S1A_EW_GRDM_1SDH_20230605T144628_20230605T144728_048852_05DFFD_4F2E,2023-06-05 14:46:28,No match found,Sentinel-1 only,no_match
S1A_EW_GRDM_1SDH_20230605T144523_20230605T144628_048852_05DFFD_D4A2,COPERNICUS/S1_GRD/S1A_EW_GRDM_1SDH_20230605T144523_20230605T144628_048852_05DFFD_D4A2,2023-06-05 14:45:23,No match found,Sentinel-1 only,no_match
S1A_EW_GRDM_1SDH_20230605T130746_20230605T130818_048851_05DFF6_C3AE,COPERNICUS/S1_GRD/S1A_EW_GRDM_1SDH_20230605T130746_20230605T130818_048851_05DFF6_C3AE,2023-06-05 13:07:46,No match found,Sentinel-1 only,no_match
S1A_EW_GRDM_1SDH_20230605T130641_20230605T130746_048851_05DFF6_7BF9,COPERNICUS/S1_GRD/S1A_EW_GRDM_1SDH_20230605T130641_20230605T130746_048851_05DFF6_7BF9,2023-06-05 13:06:41,No match found,Sentinel-1 only,no_match
S1A_EW_GRDM_1SDH_20230604T140521_20230604T140621_048837_05DF80_5CA7,COPERNICUS/S1_GRD/S1A_EW_GRDM_1SDH_20230604T140521_20230604T140621_048837_05DF80_5CA7,2023-06-04 14:05:21,No match found,Sentinel-1 only,no_match
S1A_EW_GRDM_1SDH_20230604T140417_20230604T140521_048837_05DF80_CC67,COPERNICUS/S1_GRD/S1A_EW_GRDM_1SDH_20230604T140417_20230604T140521_048837_05DF80_CC67,2023-06-04 14:04:17,No match found,Sentinel-1 only,no_match
S1A_EW_GRDM_1SDH_20230604T122550_20230604T122645_048836_05DF77_E402,COPERNICUS/S1_GRD/S1A_EW_GRDM_1SDH_20230604T122550_20230604T122645_048836_05DF77_E402,2023-06-04 12:25:50,No match found,Sentinel-1 only,no_match
S1A_EW_GRDM_1SDH_20230603T150257_20230603T150329_048823_05DF19_B004,COPERNICUS/S1_GRD/S1A_EW_GRDM_1SDH_20230603T150257_20230603T150329_048823_05DF19_B004,2023-06-03 15:02:57,No match found,Sentinel-1 only,no_match
S1A_EW_GRDM_1SDH_20230603T150152_20230603T150257_048823_05DF19_84CD,COPERNICUS/S1_GRD/S1A_EW_GRDM_1SDH_20230603T150152_20230603T150257_048823_05DF19_84CD,2023-06-03 15:01:52,No match found,Sentinel-1 only,no_match
S1A_EW_GRDM_1SDH_20230603T114456_20230603T114600_048821_05DF0A_235A,COPERNICUS/S1_GRD/S1A_EW_GRDM_1SDH_20230603T114456_20230603T114600_048821_05DF0A_235A,2023-06-03 11:44:56,No match found,Sentinel-1 only,no_match
S1A_EW_GRDM_1SDH_20230602T142147_20230602T142247_048808_05DE9A_6D8F,COPERNICUS/S1_GRD/S1A_EW_GRDM_1SDH_20230602T142147_20230602T142247_048808_05DE9A_6D8F,2023-06-02 14:21:47,No match found,Sentinel-1 only,no_match
S1A_EW_GRDM_1SDH_20230602T142043_20230602T142147_048808_05DE9A_F138,COPERNICUS/S1_GRD/S1A_EW_GRDM_1SDH_20230602T142043_20230602T142147_048808_05DE9A_F138,2023-06-02 14:20:43,No match found,Sentinel-1 only,no_match
S1A_EW_GRDM_1SDH_20230601T151818_20230601T151854_048794_05DE32_F564,COPERNICUS/S1_GRD/S1A_EW_GRDM_1SDH_20230601T151818_20230601T151854_048794_05DE32_F564,2023-06-01 15:18:18,No match found,Sentinel-1 only,no_match
S1A_EW_GRDM_1SDH_20230601T120119_20230601T120223_048792_05DE22_38F0,COPERNICUS/S1_GRD/S1A_EW_GRDM_1SDH_20230601T120119_20230601T120223_048792_05DE22_38F0,2023-06-01 12:01:19,No match found,Sentinel-1 only,no_match
S1A_EW_GRDM_1SDH_20230531T143712_20230531T143816_048779_05DDC1_DFD6,COPERNICUS/S1_GRD/S1A_EW_GRDM_1SDH_20230531T143712_20230531T143816_048779_05DDC1_DFD6,2023-05-31 14:37:12,No match found,Sentinel-1 only,no_match
S1A_EW_GRDM_1SDH_20230530T121837_20230530T121937_048763_05DD43_6E10,COPERNICUS/S1_GRD/S1A_EW_GRDM_1SDH_20230530T121837_20230530T121937_048763_05DD43_6E10,2023-05-30 12:18:37,No match found,Sentinel-1 only,no_match
S1A_EW_GRDM_1SDH_20230530T121732_20230530T121837_048763_05DD43_1E8D,COPERNICUS/S1_GRD/S1A_EW_GRDM_1SDH_20230530T121732_20230530T121837_048763_05DD43_1E8D,2023-05-30 12:17:32,No match found,Sentinel-1 only,no_match
S1A_EW_GRDM_1SDH_20230528T155113_20230528T155137_048736_05DC7A_004B,COPERNICUS/S1_GRD/S1A_EW_GRDM_1SDH_20230528T155113_20230528T155137_048736_05DC7A_004B,2023-05-28 15:51:13,No match found,Sentinel-1 only,no_match
S1A_EW_GRDM_1SDH_20230528T123500_20230528T123600_048734_05DC6B_3C69,COPERNICUS/S1_GRD/S1A_EW_GRDM_1SDH_20230528T123500_20230528T123600_048734_05DC6B_3C69,2023-05-28 12:35:00,No match found,Sentinel-1 only,no_match
S1A_EW_GRDM_1SDH_20230528T123355_20230528T123500_048734_05DC6B_4568,COPERNICUS/S1_GRD/S1A_EW_GRDM_1SDH_20230528T123355_20230528T123500_048734_05DC6B_4568,2023-05-28 12:33:55,No match found,Sentinel-1 only,no_match
S1A_EW_GRDM_1SDH_20230526T143101_20230526T143201_048706_05DB92_4475,COPERNICUS/S1_GRD/S1A_EW_GRDM_1SDH_20230526T143101_20230526T143201_048706_05DB92_4475,2023-05-26 14:31:01,No match found,Sentinel-1 only,no_match
S1A_EW_GRDM_1SDH_20230526T143001_20230526T143101_048706_05DB92_3DBA,COPERNICUS/S1_GRD/S1A_EW_GRDM_1SDH_20230526T143001_20230526T143101_048706_05DB92_3DBA,2023-05-26 14:30:01,No match found,Sentinel-1 only,no_match
S1A_EW_GRDM_1SDH_20230526T142857_20230526T143001_048706_05DB92_1B48,COPERNICUS/S1_GRD/S1A_EW_GRDM_1SDH_20230526T142857_20230526T143001_048706_05DB92_1B48,2023-05-26 14:28:57,No match found,Sentinel-1 only,no_match
S1A_EW_GRDM_1SDH_20230526T125116_20230526T125216_048705_05DB8C_84E8,COPERNICUS/S1_GRD/S1A_EW_GRDM_1SDH_20230526T125116_20230526T125216_048705_05DB8C_84E8,2023-05-26 12:51:16,No match found,Sentinel-1 only,no_match
S1A_EW_GRDM_1SDH_20230526T125012_20230526T125116_048705_05DB8C_E8FE,COPERNICUS/S1_GRD/S1A_EW_GRDM_1SDH_20230526T125012_20230526T125116_048705_05DB8C_E8FE,2023-05-26 12:50:12,No match found,Sentinel-1 only,no_match
S1A_EW_GRDM_1SDH_20230525T134852_20230525T134952_048691_05DB20_3355,COPERNICUS/S1_GRD/S1A_EW_GRDM_1SDH_20230525T134852_20230525T134952_048691_05DB20_3355,2023-05-25 13:48:52,No match found,Sentinel-1 only,no_match
S1A_EW_GRDM_1SDH_20230525T134747_20230525T134852_048691_05DB20_3ABB,COPERNICUS/S1_GRD/S1A_EW_GRDM_1SDH_20230525T134747_20230525T134852_048691_05DB20_3ABB,2023-05-25 13:47:47,No match found,Sentinel-1 only,no_match
S1A_EW_GRDM_1SDH_20230525T121025_20230525T121125_048690_05DB1A_56C3,COPERNICUS/S1_GRD/S1A_EW_GRDM_1SDH_20230525T121025_20230525T121125_048690_05DB1A_56C3,2023-05-25 12:10:25,No match found,Sentinel-1 only,no_match
S1A_EW_GRDM_1SDH_20230525T120921_20230525T121025_048690_05DB1A_E5E6,COPERNICUS/S1_GRD/S1A_EW_GRDM_1SDH_20230525T120921_20230525T121025_048690_05DB1A_E5E6,2023-05-25 12:09:21,No match found,Sentinel-1 only,no_match
S1A_EW_GRDM_1SDH_20230524T144627_20230524T144727_048677_05DAC5_D602,COPERNICUS/S1_GRD/S1A_EW_GRDM_1SDH_20230524T144627_20230524T144727_048677_05DAC5_D602,2023-05-24 14:46:27,No match found,Sentinel-1 only,no_match
S1A_EW_GRDM_1SDH_20230524T144523_20230524T144627_048677_05DAC5_BEFA,COPERNICUS/S1_GRD/S1A_EW_GRDM_1SDH_20230524T144523_20230524T144627_048677_05DAC5_BEFA,2023-05-24 14:45:23,No match found,Sentinel-1 only,no_match
S1A_EW_GRDM_1SDH_20230524T130745_20230524T130818_048676_05DABE_49AE,COPERNICUS/S1_GRD/S1A_EW_GRDM_1SDH_20230524T130745_20230524T130818_048676_05DABE_49AE,2023-05-24 13:07:45,No match found,Sentinel-1 only,no_match
S1A_EW_GRDM_1SDH_20230524T130641_20230524T130745_048676_05DABE_8612,COPERNICUS/S1_GRD/S1A_EW_GRDM_1SDH_20230524T130641_20230524T130745_048676_05DABE_8612,2023-05-24 13:06:41,No match found,Sentinel-1 only,no_match
S1A_EW_GRDM_1SDH_20230523T140521_20230523T140621_048662_05DA4C_1BBE,COPERNICUS/S1_GRD/S1A_EW_GRDM_1SDH_20230523T140521_20230523T140621_048662_05DA4C_1BBE,2023-05-23 14:05:21,No match found,Sentinel-1 only,no_match
S1A_EW_GRDM_1SDH_20230523T140416_20230523T140521_048662_05DA4C_A2D6,COPERNICUS/S1_GRD/S1A_EW_GRDM_1SDH_20230523T140416_20230523T140521_048662_05DA4C_A2D6,2023-05-23 14:04:16,No match found,Sentinel-1 only,no_match
S1A_EW_GRDM_1SDH_20230523T122550_20230523T122644_048661_05DA43_F55A,COPERNICUS/S1_GRD/S1A_EW_GRDM_1SDH_20230523T122550_20230523T122644_048661_05DA43_F55A,2023-05-23 12:25:50,No match found,Sentinel-1 only,no_match
S1A_EW_GRDM_1SDH_20230522T150256_20230522T150329_048648_05D9E6_B573,COPERNICUS/S1_GRD/S1A_EW_GRDM_1SDH_20230522T150256_20230522T150329_048648_05D9E6_B573,2023-05-22 15:02:56,No match found,Sentinel-1 only,no_match
S1A_EW_GRDM_1SDH_20230522T150152_20230522T150256_048648_05D9E6_497E,COPERNICUS/S1_GRD/S1A_EW_GRDM_1SDH_20230522T150152_20230522T150256_048648_05D9E6_497E,2023-05-22 15:01:52,No match found,Sentinel-1 only,no_match
S1A_EW_GRDM_1SDH_20230522T114455_20230522T114600_048646_05D9D7_5290,COPERNICUS/S1_GRD/S1A_EW_GRDM_1SDH_20230522T114455_20230522T114600_048646_05D9D7_5290,2023-05-22 11:44:55,No match found,Sentinel-1 only,no_match
S1A_EW_GRDM_1SDH_20230521T142247_20230521T142347_048633_05D969_B363,COPERNICUS/S1_GRD/S1A_EW_GRDM_1SDH_20230521T142247_20230521T142347_048633_05D969_B363,2023-05-21 14:22:47,No match found,Sentinel-1 only,no_match
S1A_EW_GRDM_1SDH_20230521T142042_20230521T142147_048633_05D969_930B,COPERNICUS/S1_GRD/S1A_EW_GRDM_1SDH_20230521T142042_20230521T142147_048633_05D969_930B,2023-05-21 14:20:42,No match found,Sentinel-1 only,no_match
S1A_EW_GRDM_1SDH_20230520T151818_20230520T151854_048619_05D8FC_E3ED,COPERNICUS/S1_GRD/S1A_EW_GRDM_1SDH_20230520T151818_20230520T151854_048619_05D8FC_E3ED,2023-05-20 15:18:18,No match found,Sentinel-1 only,no_match
S1A_EW_GRDM_1SDH_20230520T120118_20230520T120207_048617_05D8EC_E327,COPERNICUS/S1_GRD/S1A_EW_GRDM_1SDH_20230520T120118_20230520T120207_048617_05D8EC_E327,2023-05-20 12:01:18,No match found,Sentinel-1 only,no_match
S1A_EW_GRDM_1SDH_20230519T143815_20230519T143915_048604_05D87F_15B0,COPERNICUS/S1_GRD/S1A_EW_GRDM_1SDH_20230519T143815_20230519T143915_048604_05D87F_15B0,2023-05-19 14:38:15,No match found,Sentinel-1 only,no_match
S1A_EW_GRDM_1SDH_20230519T143711_20230519T143815_048604_05D87F_5867,COPERNICUS/S1_GRD/S1A_EW_GRDM_1SDH_20230519T143711_20230519T143815_048604_05D87F_5867,2023-05-19 14:37:11,No match found,Sentinel-1 only,no_match
S1A_EW_GRDM_1SDH_20230518T121836_20230518T121936_048588_05D806_3038,COPERNICUS/S1_GRD/S1A_EW_GRDM_1SDH_20230518T121836_20230518T121936_048588_05D806_3038,2023-05-18 12:18:36,No match found,Sentinel-1 only,no_match
S1A_EW_GRDM_1SDH_20230518T121732_20230518T121836_048588_05D806_7C8E,COPERNICUS/S1_GRD/S1A_EW_GRDM_1SDH_20230518T121732_20230518T121836_048588_05D806_7C8E,2023-05-18 12:17:32,No match found,Sentinel-1 only,no_match
S1A_EW_GRDM_1SDH_20230516T155112_20230516T155136_048561_05D749_BA01,COPERNICUS/S1_GRD/S1A_EW_GRDM_1SDH_20230516T155112_20230516T155136_048561_05D749_BA01,2023-05-16 15:51:12,No match found,Sentinel-1 only,no_match
S1A_EW_GRDM_1SDH_20230516T123459_20230516T123559_048559_05D73B_C353,COPERNICUS/S1_GRD/S1A_EW_GRDM_1SDH_20230516T123459_20230516T123559_048559_05D73B_C353,2023-05-16 12:34:59,No match found,Sentinel-1 only,no_match
S1A_EW_GRDM_1SDH_20230516T123355_20230516T123459_048559_05D73B_6EBD,COPERNICUS/S1_GRD/S1A_EW_GRDM_1SDH_20230516T123355_20230516T123459_048559_05D73B_6EBD,2023-05-16 12:33:55,No match found,Sentinel-1 only,no_match
S1A_EW_GRDM_1SDH_20230514T143001_20230514T143101_048531_05D66A_8987,COPERNICUS/S1_GRD/S1A_EW_GRDM_1SDH_20230514T143001_20230514T143101_048531_05D66A_8987,2023-05-14 14:30:01,No match found,Sentinel-1 only,no_match
S1A_EW_GRDM_1SDH_20230514T142857_20230514T143001_048531_05D66A_E426,COPERNICUS/S1_GRD/S1A_EW_GRDM_1SDH_20230514T142857_20230514T143001_048531_05D66A_E426,2023-05-14 14:28:57,No match found,Sentinel-1 only,no_match
S1A_EW_GRDM_1SDH_20230514T125116_20230514T125216_048530_05D664_EE63,COPERNICUS/S1_GRD/S1A_EW_GRDM_1SDH_20230514T125116_20230514T125216_048530_05D664_EE63,2023-05-14 12:51:16,No match found,Sentinel-1 only,no_match
S1A_EW_GRDM_1SDH_20230514T125012_20230514T125116_048530_05D664_C3B1,COPERNICUS/S1_GRD/S1A_EW_GRDM_1SDH_20230514T125012_20230514T125116_048530_05D664_C3B1,2023-05-14 12:50:12,No match found,Sentinel-1 only,no_match
S1A_EW_GRDM_1SDH_20230513T134851_20230513T134951_048516_05D5F7_B59C,COPERNICUS/S1_GRD/S1A_EW_GRDM_1SDH_20230513T134851_20230513T134951_048516_05D5F7_B59C,2023-05-13 13:48:51,No match found,Sentinel-1 only,no_match
S1A_EW_GRDM_1SDH_20230513T134747_20230513T134851_048516_05D5F7_5F62,COPERNICUS/S1_GRD/S1A_EW_GRDM_1SDH_20230513T134747_20230513T134851_048516_05D5F7_5F62,2023-05-13 13:47:47,No match found,Sentinel-1 only,no_match
S1A_EW_GRDM_1SDH_20230513T120920_20230513T121025_048515_05D5F1_6D07,COPERNICUS/S1_GRD/S1A_EW_GRDM_1SDH_20230513T120920_20230513T121025_048515_05D5F1_6D07,2023-05-13 12:09:20,No match found,Sentinel-1 only,no_match
S1A_EW_GRDM_1SDH_20230512T144626_20230512T144726_048502_05D595_1FAB,COPERNICUS/S1_GRD/S1A_EW_GRDM_1SDH_20230512T144626_20230512T144726_048502_05D595_1FAB,2023-05-12 14:46:26,No match found,Sentinel-1 only,no_match
S1A_EW_GRDM_1SDH_20230512T144522_20230512T144626_048502_05D595_F1C3,COPERNICUS/S1_GRD/S1A_EW_GRDM_1SDH_20230512T144522_20230512T144626_048502_05D595_F1C3,2023-05-12 14:45:22,No match found,Sentinel-1 only,no_match
S1A_EW_GRDM_1SDH_20230512T130640_20230512T130745_048501_05D58E_27EF,COPERNICUS/S1_GRD/S1A_EW_GRDM_1SDH_20230512T130640_20230512T130745_048501_05D58E_27EF,2023-05-12 13:06:40,No match found,Sentinel-1 only,no_match
S1A_EW_GRDM_1SDH_20230511T154300_20230511T154355_048488_05D525_8B6C,COPERNICUS/S1_GRD/S1A_EW_GRDM_1SDH_20230511T154300_20230511T154355_048488_05D525_8B6C,2023-05-11 15:43:00,No match found,Sentinel-1 only,no_match
S1A_EW_GRDM_1SDH_20230511T140416_20230511T140520_048487_05D51C_668D,COPERNICUS/S1_GRD/S1A_EW_GRDM_1SDH_20230511T140416_20230511T140520_048487_05D51C_668D,2023-05-11 14:04:16,No match found,Sentinel-1 only,no_match
S1A_EW_GRDM_1SDH_20230511T122549_20230511T122643_048486_05D513_92E9,COPERNICUS/S1_GRD/S1A_EW_GRDM_1SDH_20230511T122549_20230511T122643_048486_05D513_92E9,2023-05-11 12:25:49,No match found,Sentinel-1 only,no_match
S1A_EW_GRDM_1SDH_20230510T150151_20230510T150300_048473_05D4B9_6DA2,COPERNICUS/S1_GRD/S1A_EW_GRDM_1SDH_20230510T150151_20230510T150300_048473_05D4B9_6DA2,2023-05-10 15:01:51,No match found,Sentinel-1 only,no_match
S1A_EW_GRDM_1SDH_20230510T132306_20230510T132342_048472_05D4B2_8302,COPERNICUS/S1_GRD/S1A_EW_GRDM_1SDH_20230510T132306_20230510T132342_048472_05D4B2_8302,2023-05-10 13:23:06,No match found,Sentinel-1 only,no_match
S1A_EW_GRDM_1SDH_20230510T114559_20230510T114708_048471_05D4A9_BA4C,COPERNICUS/S1_GRD/S1A_EW_GRDM_1SDH_20230510T114559_20230510T114708_048471_05D4A9_BA4C,2023-05-10 11:45:59,No match found,Sentinel-1 only,no_match
S1A_EW_GRDM_1SDH_20230509T142246_20230509T142346_048458_05D43B_1B1A,COPERNICUS/S1_GRD/S1A_EW_GRDM_1SDH_20230509T142246_20230509T142346_048458_05D43B_1B1A,2023-05-09 14:22:46,No match found,Sentinel-1 only,no_match
S1A_EW_GRDM_1SDH_20230509T142146_20230509T142246_048458_05D43B_E91D,COPERNICUS/S1_GRD/S1A_EW_GRDM_1SDH_20230509T142146_20230509T142246_048458_05D43B_E91D,2023-05-09 14:21:46,No match found,Sentinel-1 only,no_match
S1A_EW_GRDM_1SDH_20230509T142041_20230509T142146_048458_05D43B_C47B,COPERNICUS/S1_GRD/S1A_EW_GRDM_1SDH_20230509T142041_20230509T142146_048458_05D43B_C47B,2023-05-09 14:20:41,No match found,Sentinel-1 only,no_match
S1A_EW_GRDM_1SDH_20230508T151817_20230508T151921_048444_05D3D1_D2D6,COPERNICUS/S1_GRD/S1A_EW_GRDM_1SDH_20230508T151817_20230508T151921_048444_05D3D1_D2D6,2023-05-08 15:18:17,No match found,Sentinel-1 only,no_match
S1A_EW_GRDM_1SDH_20230508T120222_20230508T120248_048442_05D3BD_4BFF,COPERNICUS/S1_GRD/S1A_EW_GRDM_1SDH_20230508T120222_20230508T120248_048442_05D3BD_4BFF,2023-05-08 12:02:22,No match found,Sentinel-1 only,no_match
S1A_EW_GRDM_1SDH_20230508T120117_20230508T120222_048442_05D3BD_0DE4,COPERNICUS/S1_GRD/S1A_EW_GRDM_1SDH_20230508T120117_20230508T120222_048442_05D3BD_0DE4,2023-05-08 12:01:17,No match found,Sentinel-1 only,no_match
S1A_EW_GRDM_1SDH_20230507T143815_20230507T143915_048429_05D34C_8FEE,COPERNICUS/S1_GRD/S1A_EW_GRDM_1SDH_20230507T143815_20230507T143915_048429_05D34C_8FEE,2023-05-07 14:38:15,No match found,Sentinel-1 only,no_match
S1A_EW_GRDM_1SDH_20230507T143710_20230507T143815_048429_05D34C_4391,COPERNICUS/S1_GRD/S1A_EW_GRDM_1SDH_20230507T143710_20230507T143815_048429_05D34C_4391,2023-05-07 14:37:10,No match found,Sentinel-1 only,no_match
S1A_EW_GRDM_1SDH_20230506T153550_20230506T153650_048415_05D2D6_3745,COPERNICUS/S1_GRD/S1A_EW_GRDM_1SDH_20230506T153550_20230506T153650_048415_05D2D6_3745,2023-05-06 15:35:50,No match found,Sentinel-1 only,no_match
S1A_EW_GRDM_1SDH_20230506T121836_20230506T121936_048413_05D2C4_8227,COPERNICUS/S1_GRD/S1A_EW_GRDM_1SDH_20230506T121836_20230506T121936_048413_05D2C4_8227,2023-05-06 12:18:36,No match found,Sentinel-1 only,no_match
S1A_EW_GRDM_1SDH_20230506T121731_20230506T121836_048413_05D2C4_2D0C,COPERNICUS/S1_GRD/S1A_EW_GRDM_1SDH_20230506T121731_20230506T121836_048413_05D2C4_2D0C,2023-05-06 12:17:31,No match found,Sentinel-1 only,no_match
S1A_EW_GRDM_1SDH_20230504T155216_20230504T155316_048386_05D1DE_B2B0,COPERNICUS/S1_GRD/S1A_EW_GRDM_1SDH_20230504T155216_20230504T155316_048386_05D1DE_B2B0,2023-05-04 15:52:16,No match found,Sentinel-1 only,no_match
S1A_EW_GRDM_1SDH_20230504T123458_20230504T123558_048384_05D1CE_C435,COPERNICUS/S1_GRD/S1A_EW_GRDM_1SDH_20230504T123458_20230504T123558_048384_05D1CE_C435,2023-05-04 12:34:58,No match found,Sentinel-1 only,no_match
S1A_EW_GRDM_1SDH_20230504T123354_20230504T123458_048384_05D1CE_5E6C,COPERNICUS/S1_GRD/S1A_EW_GRDM_1SDH_20230504T123354_20230504T123458_048384_05D1CE_5E6C,2023-05-04 12:33:54,No match found,Sentinel-1 only,no_match
S1A_EW_GRDM_1SDH_20230503T151109_20230503T151209_048371_05D160_3578,COPERNICUS/S1_GRD/S1A_EW_GRDM_1SDH_20230503T151109_20230503T151209_048371_05D160_3578,2023-05-03 15:11:09,No match found,Sentinel-1 only,no_match
S1A_EW_GRDM_1SDH_20230503T151005_20230503T151109_048371_05D160_BE0E,COPERNICUS/S1_GRD/S1A_EW_GRDM_1SDH_20230503T151005_20230503T151109_048371_05D160_BE0E,2023-05-03 15:10:05,No match found,Sentinel-1 only,no_match
S1A_EW_GRDM_1SDH_20230503T115300_20230503T115404_048369_05D151_6688,COPERNICUS/S1_GRD/S1A_EW_GRDM_1SDH_20230503T115300_20230503T115404_048369_05D151_6688,2023-05-03 11:53:00,No match found,Sentinel-1 only,no_match
S1A_EW_GRDM_1SDH_20230502T142856_20230502T143000_048356_05D0E0_AAA7,COPERNICUS/S1_GRD/S1A_EW_GRDM_1SDH_20230502T142856_20230502T143000_048356_05D0E0_AAA7,2023-05-02 14:28:56,No match found,Sentinel-1 only,no_match
S1A_EW_GRDM_1SDH_20230502T125011_20230502T125115_048355_05D0D6_5EA2,COPERNICUS/S1_GRD/S1A_EW_GRDM_1SDH_20230502T125011_20230502T125115_048355_05D0D6_5EA2,2023-05-02 12:50:11,No match found,Sentinel-1 only,no_match
S1A_EW_GRDM_1SDH_20230501T152631_20230501T152735_048342_05D067_5150,COPERNICUS/S1_GRD/S1A_EW_GRDM_1SDH_20230501T152631_20230501T152735_048342_05D067_5150,2023-05-01 15:26:31,No match found,Sentinel-1 only,no_match
S1A_EW_GRDM_1SDH_20230501T134746_20230501T134851_048341_05D05C_4678,COPERNICUS/S1_GRD/S1A_EW_GRDM_1SDH_20230501T134746_20230501T134851_048341_05D05C_4678,2023-05-01 13:47:46,No match found,Sentinel-1 only,no_match
S1A_EW_GRDM_1SDH_20230501T120920_20230501T121024_048340_05D053_1BD5,COPERNICUS/S1_GRD/S1A_EW_GRDM_1SDH_20230501T120920_20230501T121024_048340_05D053_1BD5,2023-05-01 12:09:20,No match found,Sentinel-1 only,no_match
S1A_EW_GRDM_1SDH_20230430T144522_20230430T144626_048327_05CFF1_75D0,COPERNICUS/S1_GRD/S1A_EW_GRDM_1SDH_20230430T144522_20230430T144626_048327_05CFF1_75D0,2023-04-30 14:45:22,No match found,Sentinel-1 only,no_match
S1A_EW_GRDM_1SDH_20230430T130640_20230430T130744_048326_05CFE9_E398,COPERNICUS/S1_GRD/S1A_EW_GRDM_1SDH_20230430T130640_20230430T130744_048326_05CFE9_E398,2023-04-30 13:06:40,No match found,Sentinel-1 only,no_match
S1A_EW_GRDM_1SDH_20230429T154300_20230429T154404_048313_05CF7B_7C26,COPERNICUS/S1_GRD/S1A_EW_GRDM_1SDH_20230429T154300_20230429T154404_048313_05CF7B_7C26,2023-04-29 15:43:00,No match found,Sentinel-1 only,no_match
S1A_EW_GRDM_1SDH_20230429T140415_20230429T140519_048312_05CF6F_C9CC,COPERNICUS/S1_GRD/S1A_EW_GRDM_1SDH_20230429T140415_20230429T140519_048312_05CF6F_C9CC,2023-04-29 14:04:15,No match found,Sentinel-1 only,no_match
S1A_EW_GRDM_1SDH_20230429T122549_20230429T122643_048311_05CF66_60DE,COPERNICUS/S1_GRD/S1A_EW_GRDM_1SDH_20230429T122549_20230429T122643_048311_05CF66_60DE,2023-04-29 12:25:49,No match found,Sentinel-1 only,no_match
S1A_EW_GRDM_1SDH_20230428T150150_20230428T150255_048298_05CEF4_3CBD,COPERNICUS/S1_GRD/S1A_EW_GRDM_1SDH_20230428T150150_20230428T150255_048298_05CEF4_3CBD,2023-04-28 15:01:50,No match found,Sentinel-1 only,no_match
S1A_EW_GRDM_1SDH_20230428T132306_20230428T132410_048297_05CEED_164E,COPERNICUS/S1_GRD/S1A_EW_GRDM_1SDH_20230428T132306_20230428T132410_048297_05CEED_164E,2023-04-28 13:23:06,No match found,Sentinel-1 only,no_match
S1A_EW_GRDM_1SDH_20230427T142245_20230427T142345_048283_05CE6A_EBD4,COPERNICUS/S1_GRD/S1A_EW_GRDM_1SDH_20230427T142245_20230427T142345_048283_05CE6A_EBD4,2023-04-27 14:22:45,No match found,Sentinel-1 only,no_match
S1A_EW_GRDM_1SDH_20230427T142145_20230427T142245_048283_05CE6A_4627,COPERNICUS/S1_GRD/S1A_EW_GRDM_1SDH_20230427T142145_20230427T142245_048283_05CE6A_4627,2023-04-27 14:21:45,No match found,Sentinel-1 only,no_match
S1A_EW_GRDM_1SDH_20230427T142041_20230427T142145_048283_05CE6A_9DE3,COPERNICUS/S1_GRD/S1A_EW_GRDM_1SDH_20230427T142041_20230427T142145_048283_05CE6A_9DE3,2023-04-27 14:20:41,No match found,Sentinel-1 only,no_match
S1A_EW_GRDM_1SDH_20230426T152020_20230426T152120_048269_05CDF5_EEAE,COPERNICUS/S1_GRD/S1A_EW_GRDM_1SDH_20230426T152020_20230426T152120_048269_05CDF5_EEAE,2023-04-26 15:20:20,No match found,Sentinel-1 only,no_match
S1A_EW_GRDM_1SDH_20230426T151920_20230426T152020_048269_05CDF5_BEA4,COPERNICUS/S1_GRD/S1A_EW_GRDM_1SDH_20230426T151920_20230426T152020_048269_05CDF5_BEA4,2023-04-26 15:19:20,No match found,Sentinel-1 only,no_match
S1A_EW_GRDM_1SDH_20230426T151816_20230426T151920_048269_05CDF5_8F8A,COPERNICUS/S1_GRD/S1A_EW_GRDM_1SDH_20230426T151816_20230426T151920_048269_05CDF5_8F8A,2023-04-26 15:18:16,No match found,Sentinel-1 only,no_match
S1A_EW_GRDM_1SDH_20230426T120117_20230426T120221_048267_05CDE1_CE52,COPERNICUS/S1_GRD/S1A_EW_GRDM_1SDH_20230426T120117_20230426T120221_048267_05CDE1_CE52,2023-04-26 12:01:17,No match found,Sentinel-1 only,no_match
S1A_EW_GRDM_1SDH_20230425T143814_20230425T143914_048254_05CD70_C089,COPERNICUS/S1_GRD/S1A_EW_GRDM_1SDH_20230425T143814_20230425T143914_048254_05CD70_C089,2023-04-25 14:38:14,No match found,Sentinel-1 only,no_match
S1A_EW_GRDM_1SDH_20230425T143710_20230425T143814_048254_05CD70_7F48,COPERNICUS/S1_GRD/S1A_EW_GRDM_1SDH_20230425T143710_20230425T143814_048254_05CD70_7F48,2023-04-25 14:37:10,No match found,Sentinel-1 only,no_match
S1A_EW_GRDM_1SDH_20230424T153549_20230424T153649_048240_05CCF6_7114,COPERNICUS/S1_GRD/S1A_EW_GRDM_1SDH_20230424T153549_20230424T153649_048240_05CCF6_7114,2023-04-24 15:35:49,No match found,Sentinel-1 only,no_match
S1A_EW_GRDM_1SDH_20230424T153445_20230424T153549_048240_05CCF6_8403,COPERNICUS/S1_GRD/S1A_EW_GRDM_1SDH_20230424T153445_20230424T153549_048240_05CCF6_8403,2023-04-24 15:34:45,No match found,Sentinel-1 only,no_match
S1A_EW_GRDM_1SDH_20230424T121835_20230424T121935_048238_05CCE4_FA61,COPERNICUS/S1_GRD/S1A_EW_GRDM_1SDH_20230424T121835_20230424T121935_048238_05CCE4_FA61,2023-04-24 12:18:35,No match found,Sentinel-1 only,no_match
S1A_EW_GRDM_1SDH_20230424T121731_20230424T121835_048238_05CCE4_C830,COPERNICUS/S1_GRD/S1A_EW_GRDM_1SDH_20230424T121731_20230424T121835_048238_05CCE4_C830,2023-04-24 12:17:31,No match found,Sentinel-1 only,no_match
S1A_EW_GRDM_1SDH_20230422T155111_20230422T155215_048211_05CBFF_7A37,COPERNICUS/S1_GRD/S1A_EW_GRDM_1SDH_20230422T155111_20230422T155215_048211_05CBFF_7A37,2023-04-22 15:51:11,No match found,Sentinel-1 only,no_match
S1A_EW_GRDM_1SDH_20230422T123353_20230422T123457_048209_05CBEF_252A,COPERNICUS/S1_GRD/S1A_EW_GRDM_1SDH_20230422T123353_20230422T123457_048209_05CBEF_252A,2023-04-22 12:33:53,No match found,Sentinel-1 only,no_match
S1A_EW_GRDM_1SDH_20230421T151004_20230421T151109_048196_05CB76_4595,COPERNICUS/S1_GRD/S1A_EW_GRDM_1SDH_20230421T151004_20230421T151109_048196_05CB76_4595,2023-04-21 15:10:04,No match found,Sentinel-1 only,no_match
S1A_EW_GRDM_1SDH_20230420T142855_20230420T142959_048181_05CAFB_C436,COPERNICUS/S1_GRD/S1A_EW_GRDM_1SDH_20230420T142855_20230420T142959_048181_05CAFB_C436,2023-04-20 14:28:55,No match found,Sentinel-1 only,no_match
S1A_EW_GRDM_1SDH_20230420T125010_20230420T125114_048180_05CAF1_5E1A,COPERNICUS/S1_GRD/S1A_EW_GRDM_1SDH_20230420T125010_20230420T125114_048180_05CAF1_5E1A,2023-04-20 12:50:10,No match found,Sentinel-1 only,no_match
S1A_EW_GRDM_1SDH_20230419T152630_20230419T152734_048167_05CA87_6724,COPERNICUS/S1_GRD/S1A_EW_GRDM_1SDH_20230419T152630_20230419T152734_048167_05CA87_6724,2023-04-19 15:26:30,No match found,Sentinel-1 only,no_match
S1A_EW_GRDM_1SDH_20230419T134745_20230419T134849_048166_05CA7C_E4AC,COPERNICUS/S1_GRD/S1A_EW_GRDM_1SDH_20230419T134745_20230419T134849_048166_05CA7C_E4AC,2023-04-19 13:47:45,No match found,Sentinel-1 only,no_match
S1A_EW_GRDM_1SDH_20230418T130639_20230418T130743_048151_05CA0B_F142,COPERNICUS/S1_GRD/S1A_EW_GRDM_1SDH_20230418T130639_20230418T130743_048151_05CA0B_F142,2023-04-18 13:06:39,No match found,Sentinel-1 only,no_match
S1A_EW_GRDM_1SDH_20230413T143709_20230413T143814_048079_05C790_ADAA,COPERNICUS/S1_GRD/S1A_EW_GRDM_1SDH_20230413T143709_20230413T143814_048079_05C790_ADAA,2023-04-13 14:37:09,No match found,Sentinel-1 only,no_match
S1A_EW_GRDM_1SDH_20230412T153445_20230412T153549_048065_05C71E_CE44,COPERNICUS/S1_GRD/S1A_EW_GRDM_1SDH_20230412T153445_20230412T153549_048065_05C71E_CE44,2023-04-12 15:34:45,No match found,Sentinel-1 only,no_match
S1A_EW_GRDM_1SDH_20230412T121730_20230412T121835_048063_05C70C_40A9,COPERNICUS/S1_GRD/S1A_EW_GRDM_1SDH_20230412T121730_20230412T121835_048063_05C70C_40A9,2023-04-12 12:17:30,No match found,Sentinel-1 only,no_match
S1A_EW_GRDM_1SDH_20230410T155111_20230410T155215_048036_05C626_9346,COPERNICUS/S1_GRD/S1A_EW_GRDM_1SDH_20230410T155111_20230410T155215_048036_05C626_9346,2023-04-10 15:51:11,No match found,Sentinel-1 only,no_match
S1A_EW_GRDM_1SDH_20230410T123353_20230410T123457_048034_05C616_8D6F,COPERNICUS/S1_GRD/S1A_EW_GRDM_1SDH_20230410T123353_20230410T123457_048034_05C616_8D6F,2023-04-10 12:33:53,No match found,Sentinel-1 only,no_match
S1A_EW_GRDM_1SDH_20230409T151004_20230409T151109_048021_05C59D_AD55,COPERNICUS/S1_GRD/S1A_EW_GRDM_1SDH_20230409T151004_20230409T151109_048021_05C59D_AD55,2023-04-09 15:10:04,No match found,Sentinel-1 only,no_match
S1A_EW_GRDM_1SDH_20230408T142855_20230408T142959_048006_05C51E_1D08,COPERNICUS/S1_GRD/S1A_EW_GRDM_1SDH_20230408T142855_20230408T142959_048006_05C51E_1D08,2023-04-08 14:28:55,No match found,Sentinel-1 only,no_match
S1A_EW_GRDM_1SDH_20230408T125010_20230408T125114_048005_05C514_186E,COPERNICUS/S1_GRD/S1A_EW_GRDM_1SDH_20230408T125010_20230408T125114_048005_05C514_186E,2023-04-08 12:50:10,No match found,Sentinel-1 only,no_match
S1A_EW_GRDM_1SDH_20230921T211454_20230921T211533_050431_0612A9_9F01,COPERNICUS/S1_GRD/S1A_EW_GRDM_1SDH_20230921T211454_20230921T211533_050431_0612A9_9F01,2023-09-21 21:14:54,No match found,Sentinel-1 only,no_match
S1A_EW_GRDM_1SDH_20230909T211454_20230909T211533_050256_060CB7_1E52,COPERNICUS/S1_GRD/S1A_EW_GRDM_1SDH_20230909T211454_20230909T211533_050256_060CB7_1E52,2023-09-09 21:14:54,No match found,Sentinel-1 only,no_match
S1A_EW_GRDM_1SDH_20230902T212302_20230902T212341_050154_060950_4315,COPERNICUS/S1_GRD/S1A_EW_GRDM_1SDH_20230902T212302_20230902T212341_050154_060950_4315,2023-09-02 21:23:02,No match found,Sentinel-1 only,no_match
S1A_EW_GRDM_1SDH_20230821T212301_20230821T212340_049979_06034D_A3E2,COPERNICUS/S1_GRD/S1A_EW_GRDM_1SDH_20230821T212301_20230821T212340_049979_06034D_A3E2,2023-08-21 21:23:01,No match found,Sentinel-1 only,no_match
S1A_EW_GRDM_1SDH_20230726T115409_20230726T115509_049594_05F6AC_0CD3,COPERNICUS/S1_GRD/S1A_EW_GRDM_1SDH_20230726T115409_20230726T115509_049594_05F6AC_0CD3,2023-07-26 11:54:09,No match found,Sentinel-1 only,no_match
S1A_EW_GRDM_1SDH_20230717T121840_20230717T121940_049463_05F29E_82C9,COPERNICUS/S1_GRD/S1A_EW_GRDM_1SDH_20230717T121840_20230717T121940_049463_05F29E_82C9,2023-07-17 12:18:40,No match found,Sentinel-1 only,no_match
S1A_EW_GRDM_1SDH_20230715T123502_20230715T123602_049434_05F1C5_551F,COPERNICUS/S1_GRD/S1A_EW_GRDM_1SDH_20230715T123502_20230715T123602_049434_05F1C5_551F,2023-07-15 12:35:02,No match found,Sentinel-1 only,no_match
S1A_EW_GRDM_1SDH_20230715T123358_20230715T123502_049434_05F1C5_E74E,COPERNICUS/S1_GRD/S1A_EW_GRDM_1SDH_20230715T123358_20230715T123502_049434_05F1C5_E74E,2023-07-15 12:33:58,No match found,Sentinel-1 only,no_match
S1A_EW_GRDM_1SDH_20230714T115304_20230714T115408_049419_05F152_E4AB,COPERNICUS/S1_GRD/S1A_EW_GRDM_1SDH_20230714T115304_20230714T115408_049419_05F152_E4AB,2023-07-14 11:53:04,No match found,Sentinel-1 only,no_match
S1A_EW_GRDM_1SDH_20230713T143104_20230713T143204_049406_05F0E4_0522,COPERNICUS/S1_GRD/S1A_EW_GRDM_1SDH_20230713T143104_20230713T143204_049406_05F0E4_0522,2023-07-13 14:31:04,No match found,Sentinel-1 only,no_match
S1A_EW_GRDM_1SDH_20230713T143004_20230713T143104_049406_05F0E4_8483,COPERNICUS/S1_GRD/S1A_EW_GRDM_1SDH_20230713T143004_20230713T143104_049406_05F0E4_8483,2023-07-13 14:30:04,No match found,Sentinel-1 only,no_match
S1A_EW_GRDM_1SDH_20230713T142900_20230713T143004_049406_05F0E4_0CB1,COPERNICUS/S1_GRD/S1A_EW_GRDM_1SDH_20230713T142900_20230713T143004_049406_05F0E4_0CB1,2023-07-13 14:29:00,No match found,Sentinel-1 only,no_match
S1A_EW_GRDM_1SDH_20230713T125119_20230713T125219_049405_05F0DE_98C2,COPERNICUS/S1_GRD/S1A_EW_GRDM_1SDH_20230713T125119_20230713T125219_049405_05F0DE_98C2,2023-07-13 12:51:19,No match found,Sentinel-1 only,no_match
S1A_EW_GRDM_1SDH_20230713T125015_20230713T125119_049405_05F0DE_5E42,COPERNICUS/S1_GRD/S1A_EW_GRDM_1SDH_20230713T125015_20230713T125119_049405_05F0DE_5E42,2023-07-13 12:50:15,No match found,Sentinel-1 only,no_match
S1A_EW_GRDM_1SDH_20230712T134855_20230712T134955_049391_05F075_5A44,COPERNICUS/S1_GRD/S1A_EW_GRDM_1SDH_20230712T134855_20230712T134955_049391_05F075_5A44,2023-07-12 13:48:55,No match found,Sentinel-1 only,no_match
S1A_EW_GRDM_1SDH_20230712T134750_20230712T134855_049391_05F075_E006,COPERNICUS/S1_GRD/S1A_EW_GRDM_1SDH_20230712T134750_20230712T134855_049391_05F075_E006,2023-07-12 13:47:50,No match found,Sentinel-1 only,no_match
S1A_EW_GRDM_1SDH_20230712T121028_20230712T121128_049390_05F06E_D842,COPERNICUS/S1_GRD/S1A_EW_GRDM_1SDH_20230712T121028_20230712T121128_049390_05F06E_D842,2023-07-12 12:10:28,No match found,Sentinel-1 only,no_match
S1A_EW_GRDM_1SDH_20230712T120924_20230712T121028_049390_05F06E_C029,COPERNICUS/S1_GRD/S1A_EW_GRDM_1SDH_20230712T120924_20230712T121028_049390_05F06E_C029,2023-07-12 12:09:24,No match found,Sentinel-1 only,no_match
S1A_EW_GRDM_1SDH_20230708T142249_20230708T142349_049333_05EEAC_FD89,COPERNICUS/S1_GRD/S1A_EW_GRDM_1SDH_20230708T142249_20230708T142349_049333_05EEAC_FD89,2023-07-08 14:22:49,No match found,Sentinel-1 only,no_match
S1A_EW_GRDM_1SDH_20230706T143818_20230706T143918_049304_05EDBA_2F98,COPERNICUS/S1_GRD/S1A_EW_GRDM_1SDH_20230706T143818_20230706T143918_049304_05EDBA_2F98,2023-07-06 14:38:18,No match found,Sentinel-1 only,no_match
S1A_EW_GRDM_1SDH_20230705T121839_20230705T121939_049288_05ED3C_4BDF,COPERNICUS/S1_GRD/S1A_EW_GRDM_1SDH_20230705T121839_20230705T121939_049288_05ED3C_4BDF,2023-07-05 12:18:39,No match found,Sentinel-1 only,no_match
S1A_EW_GRDM_1SDH_20230705T121734_20230705T121839_049288_05ED3C_F13B,COPERNICUS/S1_GRD/S1A_EW_GRDM_1SDH_20230705T121734_20230705T121839_049288_05ED3C_F13B,2023-07-05 12:17:34,No match found,Sentinel-1 only,no_match
S1A_EW_GRDM_1SDH_20230703T123501_20230703T123601_049259_05EC59_96CC,COPERNICUS/S1_GRD/S1A_EW_GRDM_1SDH_20230703T123501_20230703T123601_049259_05EC59_96CC,2023-07-03 12:35:01,No match found,Sentinel-1 only,no_match
S1A_EW_GRDM_1SDH_20230703T123357_20230703T123501_049259_05EC59_E052,COPERNICUS/S1_GRD/S1A_EW_GRDM_1SDH_20230703T123357_20230703T123501_049259_05EC59_E052,2023-07-03 12:33:57,No match found,Sentinel-1 only,no_match
S1A_EW_GRDM_1SDH_20230702T115303_20230702T115330_049244_05EBE3_C0F9,COPERNICUS/S1_GRD/S1A_EW_GRDM_1SDH_20230702T115303_20230702T115330_049244_05EBE3_C0F9,2023-07-02 11:53:03,No match found,Sentinel-1 only,no_match
S1A_EW_GRDM_1SDH_20230701T143003_20230701T143103_049231_05EB76_6F7B,COPERNICUS/S1_GRD/S1A_EW_GRDM_1SDH_20230701T143003_20230701T143103_049231_05EB76_6F7B,2023-07-01 14:30:03,No match found,Sentinel-1 only,no_match
S1A_EW_GRDM_1SDH_20230701T142859_20230701T143003_049231_05EB76_6C70,COPERNICUS/S1_GRD/S1A_EW_GRDM_1SDH_20230701T142859_20230701T143003_049231_05EB76_6C70,2023-07-01 14:28:59,No match found,Sentinel-1 only,no_match
S1A_EW_GRDM_1SDH_20230701T125118_20230701T125218_049230_05EB6F_5EA3,COPERNICUS/S1_GRD/S1A_EW_GRDM_1SDH_20230701T125118_20230701T125218_049230_05EB6F_5EA3,2023-07-01 12:51:18,No match found,Sentinel-1 only,no_match
S1A_EW_GRDM_1SDH_20230701T125014_20230701T125118_049230_05EB6F_8120,COPERNICUS/S1_GRD/S1A_EW_GRDM_1SDH_20230701T125014_20230701T125118_049230_05EB6F_8120,2023-07-01 12:50:14,No match found,Sentinel-1 only,no_match
S1A_EW_GRDM_1SDH_20231226T144527_20231226T144631_051827_0642BF_6412,COPERNICUS/S1_GRD/S1A_EW_GRDM_1SDH_20231226T144527_20231226T144631_051827_0642BF_6412,2023-12-26 14:45:27,No match found,Sentinel-1 only,no_match
S1A_EW_GRDM_1SDH_20231226T130645_20231226T130749_051826_0642B7_9866,COPERNICUS/S1_GRD/S1A_EW_GRDM_1SDH_20231226T130645_20231226T130749_051826_0642B7_9866,2023-12-26 13:06:45,No match found,Sentinel-1 only,no_match
